Date,Open,High,Low,Close,Adj Close,Volume
2016-08-11,496.27084400000007,506.62271100000004,495.10687300000006,502.288818,489.428925,6539201.0
2016-08-12,503.72518899999994,516.553589,503.72518899999994,513.036926,499.90185499999995,7552641.0
2016-08-16,513.259827,517.49469,502.982239,507.638092,494.64126600000003,6169134.0
2016-08-17,507.24185199999994,509.56979400000006,498.87118499999997,501.89254800000003,489.042816,7147050.0
2016-08-18,503.22988899999996,507.01898200000005,503.22988899999996,504.24527,491.33529699999997,3576481.0
2016-08-19,504.22049000000004,506.201721,498.82165499999996,502.68505899999997,489.81500199999994,3774054.0
2016-08-22,501.24865700000004,505.0625,498.87118499999997,501.17437699999994,488.342987,3084774.0
2016-08-23,501.24865700000004,502.73458899999997,497.781525,500.48092699999995,487.66735800000004,3378378.0
2016-08-24,501.10006699999997,506.176941,500.75335700000005,505.458771,492.5177,4024092.0
2016-08-25,505.805481,509.668854,499.76275599999997,501.595367,488.75323499999996,6904382.0
2016-08-26,504.170959,510.56039400000003,502.53646900000007,509.124023,496.08911100000006,4448703.0
2016-08-29,508.802063,524.899475,508.23245199999997,523.760254,510.350616,7473162.0
2016-08-30,526.013916,529.2333980000001,521.556152,528.1932370000001,514.670105,8385786.0
2016-08-31,527.450317,531.957581,518.584351,525.023315,511.581299,10750870.0
2016-09-01,521.556152,531.33844,508.034332,509.76791399999996,496.71655300000003,19669605.0
2016-09-02,510.708984,511.42718499999995,496.444214,501.917328,489.06695599999995,12979505.0
2016-09-06,505.16155999999995,507.687622,502.73458899999997,505.16155999999995,492.228088,5312062.0
2016-09-07,506.201721,508.703003,501.768738,504.04715,491.14221200000003,5966010.0
2016-09-08,506.721771,513.1112059999999,505.31015,511.848175,498.74352999999996,5633288.0
2016-09-09,512.6406860000001,520.0207519999999,510.164154,517.37085,504.12478600000003,7047053.0
2016-09-12,510.362274,523.042114,509.743134,518.33667,505.06594800000005,15545572.0
2016-09-14,519.079651,524.528015,515.562988,517.4699099999999,504.221313,8586131.0
2016-09-15,518.584351,530.075439,518.584351,527.499817,513.994385,14477715.0
2016-09-16,528.490417,541.789368,524.5775150000001,532.725281,519.086121,18148264.0
2016-09-19,531.23938,538.891846,530.47168,536.118164,522.392151,7696922.0
2016-09-20,536.910645,537.282104,529.505798,532.056641,518.434631,5321678.0
2016-09-21,531.957581,537.3563839999999,529.481079,531.09082,517.493469,5050374.0
2016-09-22,536.415344,542.755249,534.434082,539.3623660000001,525.553345,8658390.0
2016-09-23,539.387146,549.516113,539.387146,546.222351,532.237671,14346160.0
2016-09-26,546.5195309999999,559.4717410000001,544.959351,548.401672,534.361145,17635483.0
2016-09-27,553.255676,557.6886599999999,548.1044919999999,550.036194,535.953796,8941345.0
2016-09-28,548.748413,548.7979740000001,538.049805,540.2044070000001,526.3738400000001,11454533.0
2016-09-29,542.359009,550.160034,528.688538,531.18988,517.590027,9811623.0
2016-09-30,528.985718,542.136108,528.143738,536.762024,523.0195309999999,5168744.0
2016-10-03,538.3965450000001,548.773193,533.072021,540.229187,526.397888,8364763.0
2016-10-04,541.3931269999999,548.946533,540.8730469999999,543.027649,529.1247559999999,6051915.0
2016-10-05,546.816711,548.054993,537.802185,539.585266,525.770447,4979551.0
2016-10-06,540.8730469999999,557.83728,540.8730469999999,550.184814,536.0986330000001,9742744.0
2016-10-07,551.769775,556.252258,548.054993,549.293274,535.229919,7051893.0
2016-10-10,551.769775,555.7322389999999,541.863647,543.027649,529.1247559999999,5332013.0
2016-10-13,539.387146,539.411926,521.060852,523.611694,510.205872,10124402.0
2016-10-14,526.509216,535.9200440000001,525.8405759999999,533.765442,520.0996700000001,7045099.0
2016-10-17,534.929382,535.3256230000001,524.404175,525.345276,511.89505,4535058.0
2016-10-18,527.9951169999999,536.291504,526.038696,535.474243,521.7646480000001,5110251.0
2016-10-19,537.133484,542.210388,535.622803,538.569885,524.781067,7879298.0
2016-10-20,541.838928,543.8449099999999,536.9353639999999,538.668945,524.877625,4672920.0
2016-10-21,543.349609,543.349609,524.230835,527.103577,513.608337,20125461.0
2016-10-24,529.976379,531.957581,525.345276,526.657837,513.17395,4851755.0
2016-10-25,527.499817,527.623657,522.1505129999999,525.444336,511.991516,3534611.0
2016-10-26,523.066833,524.750916,521.110413,522.076233,508.709747,5051543.0
2016-10-27,520.6151120000001,522.0019530000001,516.80127,519.426331,506.127655,5926800.0
2016-10-28,520.070251,524.032715,516.9993900000001,522.522034,509.14413499999995,3751056.0
2016-11-01,520.714172,523.017334,518.782471,520.5655519999999,507.23773200000005,4718327.0
2016-11-02,515.612488,516.528809,505.706421,507.068512,494.08627300000006,3248957.0
2016-11-03,507.118042,512.516846,505.50830099999996,507.16757199999995,494.18273899999997,3374427.0
2016-11-04,505.33493,508.62872300000004,495.30499299999997,498.053955,485.30249000000003,5323812.0
2016-11-07,502.239258,503.50228899999996,494.83447300000006,495.87460300000004,483.178925,4387036.0
2016-11-08,498.12823499999996,498.12823499999996,494.462982,497.03857400000004,484.31307999999996,6198899.0
2016-11-09,470.539764,499.76275599999997,460.633667,497.58340499999997,484.84396399999997,9986923.0
2016-11-10,504.51767,509.64407300000005,498.772125,500.45617699999997,487.643188,4506126.0
2016-11-11,494.240112,503.97283899999996,492.878021,496.171783,483.468475,6818812.0
2016-11-15,493.571442,495.30499299999997,485.176025,488.07354699999996,475.57757599999997,6685965.0
2016-11-16,492.82849100000004,493.720032,485.74560499999995,488.643158,476.132629,7638174.0
2016-11-17,488.37072800000004,494.38870199999997,482.625183,484.284454,471.885529,5827994.0
2016-11-18,487.87542699999995,491.68927,486.389526,489.11367800000005,476.591095,8382568.0
2016-11-21,489.138458,492.110291,486.98388700000004,491.09490999999997,478.521637,6106766.0
2016-11-22,494.1658019999999,499.168396,491.98645,496.023193,483.32372999999995,8143790.0
2016-11-23,497.781525,500.50570700000003,495.082123,499.76275599999997,486.96749900000003,6049298.0
2016-11-24,498.053955,498.053955,486.48858600000005,489.03939800000006,476.51876799999997,8728712.0
2016-11-25,490.35195899999997,493.274261,487.553467,492.18457,479.58334400000007,4824964.0
2016-11-28,491.83786,495.60217300000005,487.429657,488.692688,476.180908,3836345.0
2016-11-29,489.856659,497.43481399999996,489.38610800000004,494.1658019999999,481.513855,4562055.0
2016-11-30,495.280243,495.280243,488.692688,490.376709,477.82180800000003,12735595.0
2016-12-01,495.30499299999997,502.73458899999997,492.82849100000004,494.19055199999997,481.537964,5827748.0
2016-12-02,493.274261,497.781525,491.2435,492.70465099999996,480.09011799999996,5760178.0
2016-12-05,492.82849100000004,495.156403,488.618378,492.258881,479.655792,1840098.0
2016-12-06,493.32379199999997,498.54925499999996,492.63037099999997,497.88058499999994,485.133545,3104218.0
2016-12-07,497.286224,499.069336,493.49713099999997,494.884003,482.213684,2275593.0
2016-12-08,497.806305,506.102661,497.45959500000004,505.23587000000003,492.300537,4038380.0
2016-12-09,506.201721,511.080475,505.35967999999997,509.64407300000005,496.595886,3802370.0
2016-12-12,505.458771,515.959229,505.458771,508.777313,495.751282,4164504.0
2016-12-13,509.173553,515.612488,508.95065300000005,515.0181269999999,501.83233600000005,4783826.0
2016-12-14,515.0181269999999,527.227417,514.225647,524.775635,511.339996,11140265.0
2016-12-15,521.258972,528.787598,519.401611,521.531433,508.178864,8921708.0
2016-12-16,521.060852,526.013916,521.060852,523.611694,510.205872,6895825.0
2016-12-19,522.5467530000001,528.4656980000001,522.224854,526.286316,512.812012,6926943.0
2016-12-20,522.398193,525.5186160000001,521.630493,523.983154,510.56777999999997,5394088.0
2016-12-21,525.072815,528.639038,523.636475,526.633057,513.149902,9399779.0
2016-12-22,524.032715,526.335876,520.540771,521.729553,508.371979,13334038.0
2016-12-23,521.060852,529.4562990000001,521.060852,523.685974,510.27832,4737311.0
2016-12-26,522.224854,527.9951169999999,517.420349,518.807251,505.524414,7070994.0
2016-12-27,519.005371,528.539978,518.584351,527.351257,513.8496700000001,8049872.0
2016-12-28,528.9362179999999,529.753479,518.63385,519.921692,506.610382,4447617.0
2016-12-29,520.070251,529.381958,519.822571,527.722717,514.211609,4048426.0
2016-12-30,527.400757,537.405945,526.558777,536.118164,522.392151,7251073.0
2017-01-02,536.910645,539.882446,531.14032,537.455444,523.69519,3275674.0
2017-01-03,539.808167,543.349609,535.474243,539.585266,525.770447,2969384.0
2017-01-04,541.318848,541.368347,527.153137,528.564758,515.032166,4796129.0
2017-01-05,530.47168,534.8798830000001,529.3572389999999,533.6416019999999,519.979065,4030815.0
2017-01-06,532.056641,537.405945,531.5117799999999,532.428101,518.79657,3620853.0
2017-01-09,533.4434809999999,537.901245,530.47168,533.790222,520.123779,2413173.0
2017-01-10,534.929382,542.0617679999999,534.929382,539.808167,525.987732,5237984.0
2017-01-11,542.359009,542.705688,536.910645,537.926025,524.1537480000001,5296152.0
2017-01-12,538.3965450000001,540.055786,534.830322,536.563904,522.826538,2017673.0
2017-01-13,537.183044,543.597229,537.183044,540.080566,526.253113,3338688.0
2017-01-16,539.857666,541.838928,531.9328,533.072021,519.42395,5544068.0
2017-01-17,527.499817,528.985718,514.3742679999999,515.7363280000001,502.532104,18106600.0
2017-01-18,516.4049679999999,519.079651,509.545013,511.42718499999995,498.333313,7322904.0
2017-01-19,512.714966,517.74231,510.659454,511.996796,498.888367,7053690.0
2017-01-20,512.120605,513.854187,507.142792,508.083862,495.075592,4054233.0
2017-01-23,506.102661,510.659454,501.64489699999996,503.180359,490.297668,6326471.0
2017-01-24,503.72518899999994,509.56979400000006,503.72518899999994,508.826843,495.79956100000004,4347000.0
2017-01-25,511.15475499999997,511.50146500000005,503.30416900000006,503.873779,490.97326699999996,11009842.0
2017-01-27,505.33493,509.619324,504.71579,507.737152,494.73773200000005,10089215.0
2017-01-30,507.662872,518.311951,507.588562,517.49469,504.24551399999996,7235452.0
2017-01-31,518.510071,521.9523929999999,515.265808,517.69281,504.438568,6980274.0
2017-02-01,518.13855,520.516052,512.739746,519.896912,506.586182,5220617.0
2017-02-02,520.070251,520.466492,514.250427,516.850769,503.618042,4199246.0
2017-02-03,518.08905,520.293152,510.213684,511.97201500000006,498.864197,6100788.0
2017-02-06,513.631287,517.544189,511.179535,515.9344480000001,502.72515899999996,4611263.0
2017-02-07,516.107788,516.2811889999999,508.777313,510.60992400000003,497.53695700000003,4571415.0
2017-02-08,510.60992400000003,514.250427,506.201721,507.761932,494.76190199999996,7490523.0
2017-02-09,509.173553,512.145386,508.579163,511.526245,498.42984,4551167.0
2017-02-10,512.6406860000001,512.913086,507.96005199999996,510.238434,497.17501799999997,5777310.0
2017-02-13,511.650055,512.145386,506.201721,510.089844,497.030212,3953095.0
2017-02-14,512.6406860000001,521.506653,510.11462400000005,519.971191,506.65853899999996,8419890.0
2017-02-15,521.506653,523.785034,517.717529,520.714172,507.382568,7031717.0
2017-02-16,521.3332519999999,529.7039179999999,521.3332519999999,528.738098,515.20105,9070869.0
2017-02-17,528.242798,534.037842,524.255554,532.7005,519.062012,6852052.0
2017-02-20,530.248779,534.359802,528.242798,532.651001,519.013733,5376741.0
2017-02-21,532.551941,540.352966,531.487061,538.990906,525.1913450000001,6547056.0
2017-02-22,541.368347,600.136292,540.8730469999999,598.080811,582.768433,58759604.0
2017-02-23,601.102173,605.262695,584.137939,585.822021,570.823486,28728225.0
2017-02-27,589.660583,622.499329,589.586304,613.633362,597.922791,38499330.0
2017-02-28,610.2157589999999,618.140625,608.482178,613.212341,597.512512,16665551.0
2017-03-01,614.227722,616.3575440000001,609.225159,611.454041,595.799255,11253980.0
2017-03-02,613.138062,621.459167,607.763977,612.5684809999999,596.885071,8336344.0
2017-03-03,614.945923,637.85376,614.945923,623.366089,607.40625,38907038.0
2017-03-06,628.542053,649.840149,626.684631,646.546387,629.993103,30793458.0
2017-03-07,653.233032,657.269714,641.989563,646.348267,629.8000490000001,19416016.0
2017-03-08,647.710327,647.710327,637.0117799999999,639.537842,623.1640629999999,20000005.0
2017-03-09,638.9434809999999,642.905884,634.733337,637.33374,621.016296,14350087.0
2017-03-10,639.067261,641.915283,624.67865,634.807678,618.554993,11438543.0
2017-03-14,653.1834719999999,653.307312,636.5907589999999,638.695801,622.343567,12813559.0
2017-03-15,639.463501,651.969971,639.1416019999999,646.348267,629.8000490000001,11125787.0
2017-03-16,648.849548,649.0476679999999,640.7265629999999,642.7325440000001,626.276855,7348934.0
2017-03-17,647.858948,653.777832,642.930664,644.243225,627.7489009999999,10488640.0
2017-03-20,646.868347,646.9921879999999,633.1731570000001,634.386658,618.1446530000001,5939197.0
2017-03-21,635.0800780000001,635.9221190000001,623.73761,625.966492,609.940063,10428134.0
2017-03-22,620.121887,627.006592,617.422424,623.93573,607.961304,9364609.0
2017-03-23,625.6445309999999,632.776917,623.0936889999999,630.671875,614.525085,5449349.0
2017-03-24,631.068115,639.934082,628.2696530000001,637.33374,621.016296,7514381.0
2017-03-27,629.582214,633.371277,617.744385,619.676086,603.810791,14976876.0
2017-03-28,623.0936889999999,626.0655519999999,615.218323,617.026184,601.228699,10017936.0
2017-03-29,619.973267,624.08429,610.884399,622.4250490000001,606.489319,8733582.0
2017-03-30,621.607788,631.390076,620.6171879999999,629.3593139999999,613.2460940000001,12858458.0
2017-03-31,627.056152,662.5447389999999,627.056152,654.248352,637.497925,20947737.0
2017-04-03,664.699341,683.768555,662.247559,680.871033,663.438965,20715169.0
2017-04-05,691.049561,702.3424679999999,683.570435,700.856567,682.912842,18609462.0
2017-04-06,697.884766,717.6474,694.516663,712.496277,694.254456,23361514.0
2017-04-07,703.97699,710.267395,694.690063,696.696045,678.8587650000001,14710432.0
2017-04-10,698.380066,705.760071,682.1835940000001,684.189575,666.672546,14199616.0
2017-04-11,687.409058,693.649902,678.617371,679.731812,662.3288570000001,14883207.0
2017-04-12,684.907776,686.715637,669.2313839999999,670.643005,653.4727780000001,12667376.0
2017-04-13,670.643005,680.251892,667.349182,675.992249,658.685059,5867471.0
2017-04-17,676.091309,691.2229,676.091309,689.390259,671.7401120000001,5463005.0
2017-04-18,693.4022219999999,698.380066,677.0819700000001,678.666931,661.291321,7391572.0
2017-04-19,678.072571,684.783936,672.401306,677.973511,660.61554,5340733.0
2017-04-20,683.025574,686.888977,675.645569,678.344971,660.977661,3873597.0
2017-04-21,683.768555,703.82843,682.802734,694.665283,676.880005,13951559.0
2017-04-24,697.909485,710.762695,693.526062,702.045288,684.071045,11774019.0
2017-04-25,723.145325,726.983948,706.3544919999999,709.6730349999999,691.50354,16966725.0
2017-04-26,710.762695,713.263977,694.714783,701.574768,683.612671,7736192.0
2017-04-27,701.847168,705.3886110000001,694.516663,698.132385,680.258484,5801788.0
2017-04-28,698.256226,703.481689,688.969238,691.049561,673.3568730000001,5468153.0
2017-05-02,694.417603,694.417603,676.735229,678.840271,661.460205,8579933.0
2017-05-03,681.9854740000001,683.892395,676.091309,678.617371,661.242981,4384266.0
2017-05-04,681.0443730000001,683.322754,670.667725,672.599426,655.379089,6629876.0
2017-05-05,674.407288,677.25531,656.2791139999999,657.888855,641.045227,7198681.0
2017-05-08,658.755676,663.46106,652.9853519999999,654.496033,637.7392580000001,7414794.0
2017-05-09,655.783813,660.563538,653.926453,658.929016,642.058716,9740485.0
2017-05-10,661.133118,675.397888,659.077576,673.169006,655.934082,10571126.0
2017-05-11,675.645569,678.444031,669.479004,673.3919070000001,656.151306,6361244.0
2017-05-12,673.639587,675.596008,665.714661,668.8846440000001,651.75946,3472060.0
2017-05-15,671.831726,671.831726,660.489197,665.739441,648.694763,3109625.0
2017-05-16,666.705322,681.9854740000001,664.203979,671.782166,654.582825,5840738.0
2017-05-17,670.147644,676.5618900000001,667.547302,670.1972049999999,653.038391,4543269.0
2017-05-18,663.83252,668.661743,655.833374,657.443115,640.610901,4518258.0
2017-05-19,660.241577,661.5789179999999,648.849548,653.233032,636.508606,5913291.0
2017-05-22,657.022095,660.538757,651.425171,655.8580929999999,639.0664059999999,4061858.0
2017-05-23,656.625854,658.681335,644.887085,646.645447,630.0896,4256413.0
2017-05-24,647.611267,650.68219,641.4694820000001,642.757324,626.301025,6611691.0
2017-05-25,643.896484,650.038269,642.138184,645.1099849999999,628.593567,11963002.0
2017-05-26,645.852966,665.888062,643.896484,662.371399,645.412903,9890146.0
2017-05-29,662.2227780000001,676.314209,661.529358,672.079346,654.872437,11086441.0
2017-05-30,671.5840450000001,675.942749,667.9188230000001,673.2928469999999,656.054871,4457308.0
2017-05-31,677.0819700000001,677.55249,661.628418,664.05542,647.053833,7579368.0
2017-06-01,660.0929570000001,663.708679,655.288513,657.888855,641.045227,4399971.0
2017-06-02,661.232178,663.064819,652.316711,656.1552730000001,639.355957,5304943.0
2017-06-05,656.898254,664.203979,651.74707,658.433716,641.5761110000001,5000365.0
2017-06-06,660.712097,660.712097,649.3448490000001,650.2363889999999,633.588684,4426274.0
2017-06-07,649.443909,664.699341,648.3542480000001,663.213379,646.233337,5168439.0
2017-06-08,663.708679,666.086182,657.789795,659.5976559999999,642.710266,3647290.0
2017-06-09,666.234741,670.122925,659.2509769999999,661.5789179999999,644.6407469999999,6385564.0
2017-06-12,657.046875,658.631836,652.316711,653.530212,636.7981570000001,3891567.0
2017-06-13,654.099792,657.269714,649.3448490000001,651.00415,634.336731,2780692.0
2017-06-14,651.771851,673.614807,651.771851,672.376526,655.161926,24431465.0
2017-06-15,673.614807,690.9505,673.169006,685.477356,667.927307,13056205.0
2017-06-16,688.0281980000001,691.3467410000001,678.22113,687.879578,670.2681269999999,15096065.0
2017-06-19,688.5729980000001,701.252808,688.5729980000001,698.008606,680.137817,7031853.0
2017-06-20,697.884766,704.37323,697.117004,699.544006,681.633911,4680750.0
2017-06-21,697.290405,707.295532,695.5320429999999,704.32373,686.291199,9226522.0
2017-06-22,708.013733,715.913879,707.146973,709.598694,691.431152,10207734.0
2017-06-23,711.257996,714.229797,708.583313,711.183716,692.975586,14372622.0
2017-06-27,709.276794,714.725098,705.809631,711.827576,693.602966,15040990.0
2017-06-28,713.214417,713.214417,691.2229,692.684021,674.949524,7184538.0
2017-06-29,693.4270019999999,698.380066,688.523499,689.811279,672.1503299999999,5952538.0
2017-06-30,689.464539,689.662659,681.069153,683.520935,666.020996,3606284.0
2017-07-03,687.582397,690.80188,679.063171,684.0409549999999,666.527771,4243619.0
2017-07-04,688.473938,706.849792,687.9786379999999,704.29895,686.26709,8683942.0
2017-07-05,708.013733,716.929199,705.3143309999999,714.5517580000001,696.257385,12556953.0
2017-07-06,717.54834,718.192261,712.248596,714.502258,696.2091059999999,6271927.0
2017-07-07,714.725098,741.843079,713.239197,738.574036,719.664612,16542604.0
2017-07-10,740.5305179999999,743.4032589999999,737.5586549999999,739.416077,720.485046,1617344.0
2017-07-11,743.45282,745.136841,736.518555,740.159058,721.2090450000001,9689441.0
2017-07-12,742.660339,755.340149,741.719238,748.455383,729.2930299999999,7893715.0
2017-07-13,747.291443,755.340149,746.003601,753.9037480000001,739.988586,10619232.0
2017-07-14,752.863586,760.788513,750.659485,759.674072,745.6524049999999,9474992.0
2017-07-17,761.283813,772.477661,761.283813,768.589539,754.4032589999999,8652868.0
2017-07-18,766.137756,768.614319,748.405884,752.814087,738.919006,9063934.0
2017-07-19,749.198364,761.7791139999999,749.198364,759.277832,745.2634889999999,5441174.0
2017-07-20,762.645874,767.7227780000001,754.696228,757.27179,743.294434,6288420.0
2017-07-21,767.7227780000001,788.3769530000001,765.221436,785.058411,770.568176,44831188.0
2017-07-24,792.487976,804.821106,785.058411,800.041382,785.274597,20042658.0
2017-07-25,804.722046,804.8458860000001,791.299255,793.552917,778.905945,9259100.0
2017-07-26,794.568298,807.2976070000001,793.032837,803.756165,788.9208980000001,10131916.0
2017-07-27,806.356567,808.090088,786.717712,789.912415,775.332642,8495918.0
2017-07-28,788.1541139999999,795.435059,781.591309,789.739075,775.162476,6614152.0
2017-07-31,793.4538570000001,801.799744,790.506775,800.016663,785.250305,7645862.0
2017-08-01,803.756165,803.756165,788.277893,794.271118,779.61084,5681949.0
2017-08-02,797.44104,810.17041,796.5,806.950928,792.056641,9592846.0
2017-08-03,805.786926,824.633301,800.932983,817.3027950000001,802.217407,9094953.0
2017-08-04,823.6922,823.6922,799.967102,803.458984,788.62915,8574605.0
2017-08-07,808.1396480000001,808.1396480000001,798.7041019999999,800.586243,785.8094480000001,4401364.0
2017-08-08,801.403503,802.914185,785.9499509999999,793.751038,779.100403,5058636.0
2017-08-09,793.230957,802.394104,785.058411,791.8936160000001,777.2772219999999,4816513.0
2017-08-10,789.045654,795.781799,781.5665280000001,784.7365110000001,770.252258,4701836.0
2017-08-11,768.193298,782.581909,759.302551,765.8653559999999,751.72937,7843781.0
2017-08-14,773.1710820000001,784.810791,773.1710820000001,779.1395259999999,764.758545,6202842.0
2017-08-16,778.619446,780.600708,767.821838,775.6971440000001,761.3797,6265622.0
2017-08-17,777.133545,791.324036,773.245422,776.192444,761.865845,7304951.0
2017-08-18,774.6570429999999,781.492249,769.282959,780.303528,765.901001,3662412.0
2017-08-21,781.096008,784.6374509999999,772.799622,774.855164,760.553284,3495195.0
2017-08-22,778.619446,782.5323490000001,770.7193599999999,772.700562,758.438416,4399773.0
2017-08-23,775.0780639999999,785.8261719999999,769.282959,783.59729,769.134094,3839702.0
2017-08-24,787.534973,789.070374,774.904663,776.663025,762.32782,5839979.0
2017-08-28,782.1113889999999,783.547729,773.270142,775.9200440000001,761.598511,5684028.0
2017-08-29,773.592102,776.3905639999999,757.81665,758.881531,744.874451,6998558.0
2017-08-30,766.509277,777.034485,763.388855,774.706543,760.4074099999999,4769560.0
2017-08-31,780.105408,791.224976,779.610046,789.763855,775.1867679999999,11585780.0
2017-09-01,792.413696,800.710083,791.992676,797.490601,782.770935,7121827.0
2017-09-04,800.165222,810.393311,790.432495,799.100342,784.350952,9950182.0
2017-09-05,807.347168,809.7493900000001,802.914185,808.634949,793.709595,11637538.0
2017-09-06,805.564087,818.491516,803.780945,814.974854,799.932495,22496263.0
2017-09-07,815.272034,824.682861,807.347168,810.4180299999999,795.459778,7478761.0
2017-09-08,812.300232,815.519714,804.474365,809.229309,794.2929690000001,6114140.0
2017-09-11,813.5880129999999,819.085876,808.882629,810.2199099999999,795.26532,5856706.0
2017-09-12,815.024353,817.253235,809.3283690000001,816.0150150000001,800.953491,2999837.0
2017-09-13,816.2626339999999,851.8255619999999,814.281433,841.027893,825.504639,13557530.0
2017-09-14,847.764038,853.410522,834.0936280000001,835.92627,820.497131,5476914.0
2017-09-15,834.0936280000001,844.841736,826.911682,833.8955080000001,818.5039059999999,13196770.0
2017-09-18,842.0184939999999,843.058655,835.183289,837.610291,822.150024,2336110.0
2017-09-19,840.730713,840.7802730000001,829.1405639999999,830.725525,815.392395,3562177.0
2017-09-20,848.0612179999999,864.307251,837.16449,839.195251,823.705811,11511053.0
2017-09-21,839.046692,843.7025150000001,828.397644,833.449707,818.0663450000001,5976672.0
2017-09-22,832.013367,832.013367,805.564087,809.724609,794.7791139999999,5673719.0
2017-09-25,807.347168,820.175537,797.63916,813.835632,798.814209,6566972.0
2017-09-26,813.9842530000001,819.283997,804.573425,812.399292,797.4044190000001,4875350.0
2017-09-27,817.8475950000001,817.946655,788.0302730000001,791.645996,777.0342410000001,8514143.0
2017-09-28,792.141296,795.360779,772.8739009999999,779.065247,764.6856690000001,13636223.0
2017-09-29,784.3154910000001,785.9499509999999,771.7842410000001,773.5673830000001,759.289307,7691452.0
2017-10-03,787.534973,796.30188,777.975586,790.853516,776.256287,8466559.0
2017-10-04,791.695496,817.2037349999999,788.129333,811.161011,796.188965,8725859.0
2017-10-05,817.253235,820.670837,810.962891,816.411255,801.342346,4906551.0
2017-10-06,816.2626339999999,831.4685059999999,814.8757929999999,829.190125,813.885376,5998431.0
2017-10-09,831.1218259999999,831.914307,820.225098,822.85022,807.662476,4084462.0
2017-10-10,823.196899,839.343872,823.196899,835.2823490000001,819.8651120000001,6798826.0
2017-10-11,837.36261,850.3396,828.149963,832.260986,816.899536,7116625.0
2017-10-12,834.192688,868.566833,834.192688,864.554871,848.597351,8603714.0
2017-10-13,871.0433960000001,882.3363039999999,865.1492310000001,868.2201539999999,852.195007,9926723.0
2017-10-16,870.746216,883.6241460000001,853.212402,868.566833,852.535278,14772250.0
2017-10-17,869.755615,875.699219,859.057007,866.1398320000001,850.153015,6414314.0
2017-10-18,869.1611939999999,909.280945,866.7837519999999,905.912842,889.191956,16924095.0
2017-10-19,907.2006230000001,913.2433470000001,894.5208130000001,901.356018,884.719177,3698813.0
2017-10-23,904.327881,935.8292849999999,900.5635380000001,930.925781,913.743225,12670626.0
2017-10-24,938.8010859999999,938.8010859999999,919.484192,925.477417,908.3954470000001,6395360.0
2017-10-25,931.2724609999999,937.0180050000001,920.771973,931.074341,913.889038,4620435.0
2017-10-26,931.173401,948.806274,922.257935,938.503906,921.181458,7771680.0
2017-10-27,941.0795289999999,947.716614,917.00769,921.1187130000001,904.117188,5306577.0
2017-10-30,925.2297359999999,936.6712650000001,921.8616939999999,933.649902,916.4170529999999,3610434.0
2017-10-31,936.0769039999999,936.869385,923.4466550000001,932.015442,914.812744,4386549.0
2017-11-01,938.8506470000001,948.806274,936.869385,943.605591,926.188965,8109185.0
2017-11-02,943.85321,947.5184939999999,935.383484,937.711426,920.403625,4743147.0
2017-11-03,946.9736330000001,946.9736330000001,931.3220210000001,936.423645,919.1396480000001,2214524.0
2017-11-06,933.649902,933.649902,920.2766720000001,923.743835,906.6937869999999,4503082.0
2017-11-07,924.585876,926.220337,894.570374,898.1860960000001,881.607788,9436552.0
2017-11-08,894.025513,897.492676,875.7982789999999,879.4635619999999,863.2308960000001,8192911.0
2017-11-09,886.3483279999999,901.356018,883.673645,892.0443119999999,875.579468,6925831.0
2017-11-10,892.490112,892.490112,870.9443359999999,875.550659,859.390259,6425509.0
2017-11-13,876.6898800000001,883.525085,865.2978519999999,867.031433,851.0281980000001,4194396.0
2017-11-14,866.7837519999999,886.595947,864.802551,878.3739009999999,862.1613769999999,5760193.0
2017-11-15,876.1945800000001,882.2372439999999,869.7060550000001,875.4020390000001,859.244263,7048053.0
2017-11-16,877.1851810000001,897.492676,877.1851810000001,895.3628539999999,878.8366699999999,6996737.0
2017-11-17,910.3210449999999,916.21521,899.969177,903.3372800000001,886.66394,5639193.0
2017-11-20,897.6907960000001,915.670349,896.502075,912.203247,895.366333,4260195.0
2017-11-21,918.097351,930.8267210000001,916.8095699999999,923.793335,906.742371,6037454.0
2017-11-22,928.6473390000001,929.83606,914.778809,922.0102539999999,904.992249,5103410.0
2017-11-23,922.257935,940.980469,917.948792,938.107666,920.792542,7398598.0
2017-11-24,941.0795289999999,950.490295,938.503906,942.1691890000001,924.779114,6455055.0
2017-11-27,938.355347,948.509094,935.1358640000001,942.416809,925.0220949999999,4724436.0
2017-11-28,940.930908,942.416809,929.29126,934.491943,917.2435300000001,4685893.0
2017-11-29,933.006042,941.0795289999999,932.164001,937.117065,919.820251,3709698.0
2017-11-30,932.609802,932.609802,910.865906,912.896667,896.046936,9524326.0
2017-12-01,915.769409,922.505554,899.1766970000001,901.5541380000001,884.9136960000001,5129555.0
2017-12-04,904.922241,905.2194210000001,888.923889,893.1339720000001,876.648926,4662629.0
2017-12-05,892.5891720000001,912.1041869999999,887.0417480000001,905.1203609999999,888.414124,8448505.0
2017-12-06,901.455078,921.564514,900.2663570000001,917.948792,901.005798,11112030.0
2017-12-07,921.316833,927.210938,914.3330080000001,922.802734,905.770081,5581979.0
2017-12-08,925.0811769999999,928.1520390000001,910.420105,912.351807,895.512085,5641459.0
2017-12-11,913.788208,917.304871,904.9718019999999,907.5473630000001,890.796326,4980620.0
2017-12-12,907.349243,920.2766720000001,899.4738769999999,907.0025019999999,890.261475,7283405.0
2017-12-13,908.290344,916.264709,902.14856,906.0614619999999,889.33783,4221739.0
2017-12-14,910.3706050000001,916.21521,900.216858,912.847107,895.99823,5068725.0
2017-12-15,922.257935,924.189636,909.082825,911.113525,894.296631,11264479.0
2017-12-18,903.38678,923.892395,854.5497439999999,912.351807,895.512085,8575323.0
2017-12-19,914.927429,918.2954710000001,911.361206,917.25531,900.3251339999999,4103513.0
2017-12-20,917.2058109999999,918.6917109999999,908.3894039999999,909.5285640000001,892.740967,4819670.0
2017-12-21,909.8257449999999,915.274109,901.455078,904.3773800000001,887.684875,4186472.0
2017-12-22,906.0614619999999,913.738647,900.761658,911.7574460000001,894.9287109999999,4918863.0
2017-12-26,916.165649,930.08374,909.5285640000001,921.0692140000001,904.068542,5351708.0
2017-12-27,924.2391359999999,928.696899,910.3706050000001,915.075989,898.185974,4393640.0
2017-12-28,916.5618900000001,925.6259769999999,910.469666,915.52179,898.6235960000001,7158735.0
2017-12-29,917.8001710000001,923.5457150000001,909.875305,912.4013669999999,895.56073,5117894.0
2018-01-01,914.0358279999999,914.0358279999999,898.978577,901.207458,884.573425,4362651.0
2018-01-02,904.426941,910.9154050000001,897.888916,902.594299,885.934692,4383980.0
2018-01-03,916.31427,917.304871,904.47644,906.2100220000001,889.4836429999999,6233847.0
2018-01-04,909.5285640000001,913.144287,907.101563,911.658386,894.831482,4157621.0
2018-01-05,913.144287,918.1964109999999,911.6088869999999,914.5806880000001,897.6998289999999,3434151.0
2018-01-08,917.4039310000001,922.257935,914.828369,919.830933,902.853149,4073668.0
2018-01-09,919.434692,935.036804,915.323669,932.1145019999999,914.909973,6596942.0
2018-01-10,934.1452640000001,938.503906,926.7156369999999,933.501343,916.27124,5412323.0
2018-01-11,932.956482,933.798523,926.220337,928.9445189999999,911.798462,3622391.0
2018-01-12,934.1452640000001,943.85321,929.4398189999999,940.0888669999999,922.7371220000001,6955338.0
2018-01-15,941.0795289999999,949.499695,936.324585,940.2374880000001,922.882996,5132305.0
2018-01-16,938.8010859999999,938.8010859999999,911.361206,914.283508,897.408081,4995805.0
2018-01-17,917.304871,920.2766720000001,898.4832759999999,915.8189699999999,898.9151609999999,6093651.0
2018-01-18,920.2766720000001,920.871033,906.507202,911.064026,894.248047,4329708.0
2018-01-19,914.3330080000001,925.6259769999999,913.441467,922.555115,905.5271,4602784.0
2018-01-22,939.098267,965.1513060000001,931.173401,962.377625,944.6145630000001,21090881.0
2018-01-23,965.8447269999999,981.644958,965.8447269999999,974.017273,956.039307,10396119.0
2018-01-24,972.531372,972.531372,953.610718,957.276001,939.607178,6594595.0
2018-01-25,958.8114009999999,962.872925,947.171753,956.8302,939.1695560000001,6308657.0
2018-01-29,957.1273800000001,968.123169,950.292175,955.443359,937.808228,4567493.0
2018-01-30,956.73114,956.73114,940.0888669999999,941.4757689999999,924.0985109999999,4237933.0
2018-01-31,941.0795289999999,955.443359,932.708862,952.273376,934.696777,5792601.0
2018-02-01,954.205078,963.467285,927.805359,934.9872439999999,917.7297359999999,7626196.0
2018-02-02,926.220337,935.0863039999999,892.5396119999999,895.8581539999999,879.322876,13367616.0
2018-02-05,885.605347,903.931641,873.519897,893.678833,877.183777,8856689.0
2018-02-06,868.7649539999999,889.56781,862.8212890000001,883.723206,867.411865,11104841.0
2018-02-07,894.0750730000001,896.898315,881.642883,886.001587,869.648254,7168146.0
2018-02-08,889.46875,902.098999,883.970825,896.056274,879.517334,6380648.0
2018-02-09,880.652283,893.5302119999999,877.6804810000001,889.4191890000001,873.0027470000001,5344463.0
2018-02-12,894.5208130000001,909.578125,893.579773,906.903442,890.164307,5481260.0
2018-02-14,914.3330080000001,933.649902,912.351807,924.883057,907.8120119999999,10267369.0
2018-02-15,928.845459,936.869385,919.434692,926.8642580000001,909.7567140000001,6167365.0
2018-02-16,930.777161,933.7490230000001,909.479065,912.6489869999999,895.8037109999999,4443395.0
2018-02-19,912.351807,923.248535,904.9718019999999,918.2954710000001,901.346008,4126685.0
2018-02-20,920.2766720000001,920.821533,910.1724849999999,912.450867,895.609314,3903573.0
2018-02-21,921.267334,923.743835,913.4910279999999,920.623413,903.631042,5499873.0
2018-02-22,913.342407,922.257935,911.361206,915.670349,898.769348,5167371.0
2018-02-23,916.71051,929.1922,914.0853880000001,925.477417,908.3954470000001,4896820.0
2018-02-26,930.1828,936.027405,927.805359,929.8856199999999,912.7222289999999,3893033.0
2018-02-27,930.1828,946.8250730000001,929.538879,941.5748289999999,924.19574,6470858.0
2018-02-28,937.067566,948.1128539999999,934.343384,945.586792,928.1336060000001,26144187.0
2018-03-01,940.831848,950.886536,937.067566,939.494507,922.1537480000001,4133465.0
2018-03-05,934.1452640000001,941.2280880000001,912.946167,915.4227289999999,898.5263060000001,5688306.0
2018-03-06,920.2766720000001,927.4091189999999,896.601135,902.297119,885.6429439999999,7393101.0
2018-03-07,900.712158,900.712158,879.711243,881.3952640000001,865.126892,7316409.0
2018-03-08,889.2210689999999,905.912842,884.911926,902.8914789999999,886.226318,6130548.0
2018-03-09,906.309082,910.717285,902.4952390000001,904.526001,887.8306880000001,4909678.0
2018-03-12,911.361206,924.338196,908.9342039999999,921.564514,904.554688,3837440.0
2018-03-13,923.149475,927.210938,912.6985470000001,923.099915,906.0618289999999,5145137.0
2018-03-14,920.078552,923.2980349999999,910.568726,920.326233,903.3393550000001,6795338.0
2018-03-15,916.31427,920.722473,901.455078,903.23822,886.5667109999999,5866510.0
2018-03-16,900.464478,901.157898,877.7299800000001,891.5985109999999,875.1418460000001,14221100.0
2018-03-19,892.5396119999999,898.384216,883.6241460000001,887.0912480000001,870.7177119999999,5829127.0
2018-03-20,884.911926,895.511475,878.720581,881.4447630000001,865.175537,7011559.0
2018-03-21,886.447388,893.876953,884.911926,888.4780880000001,872.079041,6791028.0
2018-03-22,887.586548,903.38678,887.3389279999999,899.6224980000001,883.017761,10212863.0
2018-03-23,882.2372439999999,891.549011,880.751343,885.5062869999999,869.161987,10831400.0
2018-03-26,885.5557859999999,895.808655,884.119446,892.638672,876.162781,6104583.0
2018-03-27,898.6813960000001,902.198059,888.5771480000001,891.350891,874.8988039999999,7005357.0
2018-03-28,887.388428,887.4379880000001,871.736816,874.4114380000001,858.272034,8842618.0
2018-04-02,884.6147460000001,892.490112,878.175781,884.5651859999999,868.238281,5766209.0
2018-04-03,882.6335449999999,893.233032,876.9375,891.10321,874.6556400000001,6425059.0
2018-04-04,896.204895,903.23822,883.673645,886.4968869999999,870.134399,6560005.0
2018-04-05,896.601135,901.455078,895.0161130000001,899.671997,883.066284,3935631.0
2018-04-06,899.4738769999999,909.875305,896.502075,902.44574,885.788879,4460344.0
2018-04-09,903.98114,910.3706050000001,903.98114,907.398743,890.650452,3606112.0
2018-04-10,909.7762449999999,915.224609,905.566162,908.4389039999999,891.6713869999999,3902042.0
2018-04-11,913.144287,923.9914550000001,907.4483029999999,922.109314,905.089478,6064484.0
2018-04-12,921.1187130000001,927.854858,915.52179,919.9794919999999,902.9989619999999,4994624.0
2018-04-13,923.941956,932.857422,919.9794919999999,930.0341800000001,912.8681029999999,5822658.0
2018-04-16,925.675537,931.173401,919.781372,928.2510990000001,911.1179199999999,4123166.0
2018-04-17,931.173401,938.3057859999999,927.210938,935.383484,918.118652,4430313.0
2018-04-18,936.374084,939.2963869999999,926.269897,929.1922,912.041626,3397094.0
2018-04-19,930.2818599999999,936.126465,926.220337,933.451782,916.222595,4523892.0
2018-04-20,929.1922,933.006042,912.5499269999999,919.1870119999999,902.2210689999999,3381269.0
2018-04-23,921.267334,935.482544,919.781372,927.210938,910.0969240000001,3541772.0
2018-04-24,927.012817,966.538208,926.220337,960.941223,943.204651,9193591.0
2018-04-25,964.5074460000001,972.580933,954.502258,961.387024,943.642273,6497632.0
2018-04-26,963.863525,978.722717,953.214478,966.191467,948.3579710000001,15735759.0
2018-04-27,980.505798,1001.5067140000001,976.246155,986.9447630000001,968.72821,11776851.0
2018-04-30,972.779053,983.27948,950.9855960000001,954.2546390000001,936.6414789999999,8955897.0
2018-05-02,957.919861,970.00531,955.988159,963.566345,945.781311,6175751.0
2018-05-03,968.7175289999999,968.7175289999999,950.242676,952.570557,934.988403,3984964.0
2018-05-04,953.808838,955.6414789999999,941.0795289999999,944.992432,927.550232,3831671.0
2018-05-07,949.846375,964.111206,947.3698730000001,961.882324,944.128418,3545827.0
2018-05-08,968.3212890000001,972.779053,956.13678,958.0189210000001,940.3363039999999,4980805.0
2018-05-09,956.8302,975.057434,953.214478,967.528809,949.6706539999999,4537025.0
2018-05-10,970.797791,975.3546140000001,965.101807,971.9370119999999,953.9974980000001,4052699.0
2018-05-11,972.0360720000001,981.991699,968.568909,979.960938,961.873352,4049541.0
2018-05-14,982.6356199999999,982.6356199999999,967.528809,977.335815,959.296631,2604012.0
2018-05-15,973.8191529999999,990.6099849999999,967.4792480000001,969.75769,951.8583980000001,4846430.0
2018-05-16,964.854126,964.854126,943.506531,947.171753,929.689331,8695009.0
2018-05-17,950.341736,950.9855960000001,932.6593019999999,936.4731449999999,919.1882320000001,4778345.0
2018-05-18,936.720825,944.546631,923.248535,925.0811769999999,908.006531,5279612.0
2018-05-21,922.0102539999999,926.913757,913.441467,922.6046140000001,905.5756230000001,6687690.0
2018-05-22,924.3877560000001,925.2297359999999,916.31427,918.0478519999999,901.102966,5219596.0
2018-05-23,917.304871,917.304871,900.613098,903.68396,887.0042109999999,4610857.0
2018-05-24,905.417542,912.351807,901.603699,907.250183,890.5047,5368392.0
2018-05-25,907.398743,914.729309,905.863342,912.1536869999999,895.3176269999999,8206579.0
2018-05-28,916.21521,918.2954710000001,909.479065,911.7574460000001,894.9287109999999,5247105.0
2018-05-29,912.847107,919.2860720000001,905.8137820000001,908.8351439999999,892.060303,8250871.0
2018-05-30,906.259583,914.531189,898.0870359999999,907.497803,890.7476810000001,6048012.0
2018-05-31,912.351807,913.6395869999999,905.962402,912.6985470000001,895.8524779999999,17112487.0
2018-06-01,911.361206,926.963318,909.8257449999999,921.812134,904.7978519999999,8848926.0
2018-06-04,924.635376,935.1358640000001,921.812134,932.015442,914.812744,5653442.0
2018-06-05,933.947144,946.0325320000001,932.164001,938.751587,921.4246220000001,8047086.0
2018-06-06,938.107666,947.023193,933.798523,945.4381710000001,927.987793,4229195.0
2018-06-07,945.933472,966.8353880000001,945.487732,962.2290039999999,944.468689,6922300.0
2018-06-08,957.276001,977.286316,951.579956,975.106934,957.1088869999999,6594521.0
2018-06-11,977.8311160000001,990.560486,969.85675,973.4229130000001,955.455933,6931136.0
2018-06-12,974.165894,990.6099849999999,971.0949710000001,987.786743,969.554688,7515794.0
2018-06-13,990.6099849999999,996.45459,980.208618,993.086548,974.7566529999999,5982192.0
2018-06-14,988.083923,1002.2991939999999,978.1282960000001,998.4853519999999,980.0558470000001,5536858.0
2018-06-15,996.55365,1013.8893429999999,989.867065,1004.6766970000001,986.132874,11401764.0
2018-06-18,999.3273929999999,1010.8679810000001,997.54425,1006.013977,987.445496,5705952.0
2018-06-19,1004.379456,1005.271057,984.319641,986.697083,968.4851070000001,6406255.0
2018-06-20,986.647583,1013.294983,985.5083619999999,1009.67926,991.043152,7262014.0
2018-06-21,1013.839783,1026.2719730000001,1011.7100220000001,1022.26001,1003.3916630000001,10609377.0
2018-06-22,1018.7433470000001,1019.5358279999999,998.980652,1002.992615,984.479919,16323253.0
2018-06-25,1001.9029539999999,1006.955078,992.888428,995.01825,976.65271,5246962.0
2018-06-26,996.55365,996.55365,966.092407,969.75769,951.8583980000001,8145067.0
2018-06-27,969.3118900000001,976.1470949999999,953.660278,956.780701,944.912292,9043473.0
2018-06-28,952.966797,959.4057619999999,931.470581,936.0769039999999,924.465332,8662575.0
2018-06-29,940.1879880000001,966.340088,940.0888669999999,963.318726,951.369202,8041914.0
2018-07-02,963.219666,963.219666,948.013794,951.579956,939.7761230000001,6724054.0
2018-07-03,955.9386599999999,969.26239,951.3323359999999,962.179504,950.244141,5115293.0
2018-07-04,962.6748050000001,982.6851199999999,961.882324,980.8029789999999,968.636658,5048125.0
2018-07-05,987.638184,998.931152,949.5987550000001,955.443359,943.591553,18896793.0
2018-07-06,955.6909789999999,973.769653,955.443359,968.3707890000001,956.3586429999999,9248105.0
2018-07-09,977.8311160000001,990.6099849999999,974.2649539999999,987.7372439999999,975.4848630000001,5219197.0
2018-07-10,993.334167,1018.842407,990.6099849999999,1016.068665,1003.464844,10543516.0
2018-07-11,1015.375244,1031.125977,1008.292419,1029.045654,1016.280884,8747208.0
2018-07-12,1034.543579,1088.68042,1032.809937,1072.186768,1058.886841,24337829.0
2018-07-13,1070.354126,1098.586548,1069.858765,1089.4729,1075.9584960000002,18137593.0
2018-07-16,1089.4729,1098.487427,1062.9741210000002,1066.094482,1052.870117,6658302.0
2018-07-17,1068.174805,1085.659058,1059.556519,1082.092896,1068.670044,6530578.0
2018-07-18,1088.0860599999999,1094.227783,1067.184204,1082.2910160000001,1068.8657230000001,4726480.0
2018-07-19,1083.033936,1104.530151,1076.14917,1094.475464,1080.899048,5485122.0
2018-07-20,1102.9451900000001,1127.809448,1101.4592289999998,1118.052002,1104.183105,8094154.0
2018-07-23,1119.1911619999998,1119.1911619999998,1102.647949,1109.780396,1096.01416,5897877.0
2018-07-24,1111.4644779999999,1116.1698,1097.001465,1100.518188,1086.866821,4511507.0
2018-07-25,1099.577148,1112.455078,1093.831543,1104.678711,1090.975708,6006077.0
2018-07-26,1099.6761470000001,1110.969116,1097.397705,1100.220947,1086.573242,6485768.0
2018-07-27,1108.987915,1126.719849,1101.706909,1119.2407230000001,1105.357056,6742782.0
2018-07-30,1119.389282,1146.432983,1117.408081,1140.5883789999998,1126.440063,14003964.0
2018-07-31,1140.192139,1179.222168,1136.378296,1174.863525,1160.289917,14006901.0
2018-08-01,1179.222168,1191.604736,1174.269043,1181.153809,1166.502075,9796282.0
2018-08-02,1180.311768,1180.311768,1155.001709,1157.37915,1143.022461,6308209.0
2018-08-03,1163.966797,1172.3869630000002,1158.567993,1165.8984380000002,1151.436035,6708388.0
2018-08-06,1165.650757,1184.7695310000001,1164.313477,1181.401489,1166.746826,4054489.0
2018-08-07,1183.679932,1190.1188960000002,1165.947998,1173.080322,1158.528809,4097939.0
2018-08-08,1173.872803,1211.020752,1173.872803,1206.2657470000001,1191.302612,7987438.0
2018-08-09,1210.030151,1220.134399,1200.619385,1206.513428,1191.547241,6911830.0
2018-08-10,1199.6286619999998,1203.591187,1191.010376,1192.892578,1178.095459,3615156.0
2018-08-13,1186.305054,1188.682495,1171.594482,1176.547485,1161.9530029999999,4712408.0
2018-08-14,1178.825928,1205.770508,1173.179443,1199.232422,1184.356567,5349770.0
2018-08-16,1191.951538,1204.5817869999998,1184.274292,1189.524536,1174.769043,6039198.0
2018-08-17,1197.647461,1203.987427,1188.7814939999998,1192.4467769999999,1177.655029,3867305.0
2018-08-20,1196.557861,1225.186401,1196.310181,1223.304321,1208.129883,7679143.0
2018-08-21,1225.632202,1239.748413,1215.4785160000001,1235.48877,1220.163208,7348644.0
2018-08-23,1234.59729,1262.0371089999999,1226.7714839999999,1257.529907,1241.930908,8043652.0
2018-08-24,1253.369263,1267.931274,1248.21814,1265.5042720000001,1249.8063960000002,6715059.0
2018-08-27,1267.386475,1283.682007,1266.742554,1279.372803,1263.502808,5624995.0
2018-08-28,1283.830566,1310.577026,1282.839966,1306.614624,1290.4067380000001,8777168.0
2018-08-29,1303.939941,1316.520752,1278.085083,1282.047485,1266.144409,11182203.0
2018-08-30,1281.453125,1284.969727,1258.520508,1262.48291,1246.822388,9943410.0
2018-08-31,1258.074707,1258.074707,1224.9882810000001,1229.990967,1214.733521,15450941.0
2018-09-03,1233.309448,1246.0883789999998,1214.5373539999998,1217.608276,1202.504395,12315666.0
2018-09-04,1223.552002,1243.017456,1217.459717,1230.288086,1215.0269779999999,8922552.0
2018-09-05,1230.832886,1240.887573,1197.1522220000002,1215.4785160000001,1200.401123,10422792.0
2018-09-06,1218.598877,1253.815063,1213.8439939999998,1249.55542,1234.055298,11301160.0
2018-09-07,1253.022583,1269.318115,1242.720215,1266.5939939999998,1250.882568,10794143.0
2018-09-10,1263.02771,1265.009033,1238.361572,1244.057617,1228.62561,7125920.0
2018-09-11,1247.1779789999998,1256.4897460000002,1222.6604,1226.0780029999999,1210.8691410000001,10977849.0
2018-09-12,1240.045654,1246.8808589999999,1217.311157,1240.739014,1225.348267,8142006.0
2018-09-14,1247.5742189999999,1263.62207,1235.93457,1241.3829349999999,1225.9842529999999,7953264.0
2018-09-17,1239.005493,1239.005493,1210.12915,1214.388794,1199.324951,6818107.0
2018-09-18,1214.487915,1227.762085,1202.9472660000001,1205.720947,1190.764648,7688607.0
2018-09-19,1212.506592,1212.506592,1189.7226560000001,1199.3811039999998,1184.503418,11372574.0
2018-09-21,1207.553589,1225.780884,1172.3869630000002,1206.067627,1191.106934,19250938.0
2018-09-24,1203.046265,1228.257324,1193.189697,1220.481079,1205.341675,10198351.0
2018-09-25,1223.898682,1233.309448,1183.778931,1219.044678,1203.923096,9807108.0
2018-09-26,1227.365845,1242.175415,1215.627075,1239.649414,1224.272217,6457463.0
2018-09-27,1243.215576,1251.1403810000002,1225.879883,1241.977295,1226.571167,10911205.0
2018-09-28,1248.06958,1259.758789,1235.5878910000001,1246.137817,1230.680176,11177984.0
2018-10-01,1245.890259,1245.890259,1192.694458,1220.134399,1204.999268,7402199.0
2018-10-03,1217.954956,1227.960205,1188.7814939999998,1193.78418,1178.975952,7446497.0
2018-10-04,1178.330566,1179.222168,1095.614624,1111.712036,1097.9217529999999,23432473.0
2018-10-05,1089.175659,1104.827393,1028.401733,1039.001343,1026.113159,22151189.0
2018-10-08,1040.1405029999999,1106.5113529999999,1015.920105,1098.982788,1085.350586,24913364.0
2018-10-09,1111.117676,1112.752197,1071.047485,1079.814453,1066.419922,11095381.0
2018-10-10,1083.628296,1105.372192,1074.118408,1091.751343,1078.20874,9592247.0
2018-10-11,1054.009033,1104.282471,1033.206299,1077.585571,1064.21875,13349523.0
2018-10-12,1094.574585,1118.398682,1091.5532230000001,1115.97168,1102.1286619999998,9144401.0
2018-10-15,1119.290283,1136.130615,1107.650635,1129.047729,1115.042358,8955871.0
2018-10-16,1135.239014,1156.43811,1129.29541,1152.871948,1138.571045,7549490.0
2018-10-17,1167.929199,1168.2758789999998,1129.29541,1140.489258,1126.342041,12906841.0
2018-10-19,1089.671021,1100.567749,1060.200317,1090.95874,1077.426025,25662196.0
2018-10-22,1099.577148,1104.3320310000001,1047.421509,1052.6717529999999,1039.613892,13290338.0
2018-10-23,1042.864624,1054.702515,1033.8500980000001,1044.7963869999999,1031.836182,10673958.0
2018-10-24,1064.8066410000001,1065.846802,1021.715149,1035.93042,1023.080139,13784775.0
2018-10-25,1026.2719730000001,1030.878296,1006.856018,1021.1207890000001,1008.4542849999999,14229855.0
2018-10-26,1023.20105,1047.074829,1012.403442,1035.0883789999998,1022.2485960000001,9269654.0
2018-10-29,1036.178101,1083.578735,1036.178101,1077.585571,1064.21875,7744528.0
2018-10-30,1075.3071289999998,1075.3071289999998,1042.220825,1047.074829,1034.086426,8890179.0
2018-10-31,1049.05603,1055.841675,1037.168701,1051.2849119999998,1038.244263,16613693.0
2018-11-01,1057.872437,1057.872437,1040.1405029999999,1046.3317869999998,1033.352539,9485091.0
2018-11-02,1056.980835,1070.849365,1053.166992,1064.8066410000001,1051.598145,16955411.0
2018-11-05,1063.370361,1082.439575,1054.999634,1080.062134,1066.664429,7654392.0
2018-11-06,1083.727295,1101.55835,1081.3498539999998,1093.732544,1080.165283,8716110.0
2018-11-07,1104.530151,1104.530151,1096.308105,1100.270508,1086.622192,1296168.0
2018-11-09,1095.862305,1103.341431,1074.81189,1083.182495,1069.7460939999999,10943218.0
2018-11-12,1087.392578,1088.4823,1064.459961,1069.858765,1056.587769,5856714.0
2018-11-13,1063.915161,1092.642822,1060.002197,1089.126221,1075.616089,6876165.0
2018-11-14,1094.673584,1102.202271,1075.3071289999998,1087.640259,1074.1485599999999,7861347.0
2018-11-15,1086.649658,1092.642822,1076.297729,1086.5505369999998,1073.072388,6896498.0
2018-11-16,1087.640259,1119.3397220000002,1086.798218,1116.813721,1102.960205,11136460.0
2018-11-19,1122.262085,1140.885498,1120.379883,1139.201538,1125.0703130000002,7378262.0
2018-11-20,1134.248413,1145.046143,1119.389282,1126.719849,1112.743408,5774119.0
2018-11-21,1126.8188480000001,1134.743774,1096.654785,1102.449829,1088.774414,7578978.0
2018-11-22,1104.0349119999998,1114.782959,1089.77002,1092.494263,1078.942383,5847475.0
2018-11-26,1098.586548,1107.006714,1087.095459,1099.329468,1085.6928710000002,6447094.0
2018-11-27,1097.496826,1119.389282,1095.069824,1117.606201,1103.742798,6874782.0
2018-11-28,1121.816284,1146.878784,1115.723999,1141.82666,1127.662964,8079833.0
2018-11-29,1150.098267,1168.820801,1149.107666,1157.527832,1143.169189,12755947.0
2018-11-30,1161.292114,1174.863525,1151.385986,1156.58667,1142.2397460000002,10819038.0
2018-12-03,1163.867676,1163.867676,1137.715576,1145.590942,1131.380493,5622372.0
2018-12-04,1147.126343,1147.126343,1131.474731,1141.479858,1127.3204349999999,5242047.0
2018-12-05,1133.0102539999998,1147.918823,1128.601929,1144.303101,1130.108521,5874782.0
2018-12-06,1138.2109380000002,1138.2109380000002,1107.749634,1113.098877,1099.291382,5921712.0
2018-12-07,1118.844482,1126.274048,1097.942627,1123.153687,1109.221558,7282460.0
2018-12-10,1099.577148,1103.836792,1072.9296880000002,1080.012573,1066.6154789999998,9470471.0
2018-12-11,1055.9902339999999,1091.751343,1045.0935060000002,1087.244019,1073.757202,13622580.0
2018-12-12,1088.68042,1103.044189,1077.536011,1100.072388,1086.426392,12724917.0
2018-12-13,1117.408081,1117.408081,1084.767456,1096.654785,1083.051392,9385649.0
2018-12-14,1092.741943,1104.4311519999999,1081.547974,1101.75647,1088.0897220000002,7289774.0
2018-12-17,1105.471191,1122.361084,1101.0629880000001,1119.290283,1105.4060060000002,5112362.0
2018-12-18,1112.752197,1128.3048099999999,1109.9785160000001,1125.729248,1111.765259,5926578.0
2018-12-19,1130.7813720000001,1136.526855,1122.559204,1126.1254880000001,1112.1563720000001,7438647.0
2018-12-20,1110.473877,1121.865845,1105.669312,1117.853882,1103.987549,5819374.0
2018-12-21,1114.436279,1120.627563,1085.708618,1089.8691410000001,1076.3498539999998,8360445.0
2018-12-24,1090.5625,1092.840942,1076.34729,1078.922852,1065.539429,4183821.0
2018-12-26,1075.60437,1089.671021,1055.643555,1088.036499,1074.539917,7278403.0
2018-12-27,1096.803345,1116.41748,1093.633423,1109.681274,1095.91626,12596278.0
2018-12-28,1114.931519,1124.589966,1110.6719970000001,1114.981079,1101.150269,7738682.0
2018-12-31,1120.330444,1123.203125,1105.7188720000001,1110.721436,1096.943481,7291282.0
2019-01-01,1114.68396,1116.7147220000002,1099.6761470000001,1110.473877,1096.698975,4498087.0
2019-01-02,1104.0349119999998,1116.41748,1090.6616210000002,1096.010864,1082.415405,7212697.0
2019-01-03,1097.100586,1104.133911,1079.864014,1082.489136,1069.061401,7517041.0
2019-01-04,1087.095459,1094.079224,1070.948486,1088.33374,1074.8334960000002,8545382.0
2019-01-07,1096.605225,1107.9477539999998,1090.6616210000002,1094.376465,1080.80127,5565822.0
2019-01-08,1094.723145,1099.5275880000002,1085.708618,1094.2773439999999,1080.7033689999998,5678473.0
2019-01-09,1101.55835,1106.5113529999999,1088.383179,1100.320068,1086.671143,5821468.0
2019-01-10,1097.348267,1100.567749,1092.642822,1097.100586,1083.491699,4118960.0
2019-01-11,1097.199585,1103.341431,1078.378052,1087.739258,1074.2463380000002,6525174.0
2019-01-14,1084.718018,1090.16626,1076.19873,1086.501099,1073.023682,4150757.0
2019-01-15,1094.624023,1121.370483,1094.624023,1119.0426029999999,1105.161499,10158260.0
2019-01-16,1124.342407,1134.248413,1119.735962,1125.2338869999999,1111.2758789999998,6443279.0
2019-01-17,1133.7036130000001,1137.121216,1119.389282,1123.797485,1109.8573,7558941.0
2019-01-18,1138.012817,1178.726807,1124.589966,1173.2290039999998,1158.675659,25927601.0
2019-01-21,1182.78833,1228.306885,1177.488525,1226.0780029999999,1210.8691410000001,22247437.0
2019-01-22,1221.2735599999999,1235.241089,1208.147949,1223.552002,1208.3745119999999,16709723.0
2019-01-23,1221.71936,1232.516968,1210.5253910000001,1214.785034,1199.716187,8913196.0
2019-01-24,1213.497314,1241.432495,1208.643311,1235.73645,1220.407837,13279882.0
2019-01-25,1238.708252,1252.8244630000002,1223.799561,1234.300049,1218.989258,8631889.0
2019-01-28,1238.7578130000002,1244.156616,1210.9216310000002,1218.004517,1202.895752,8650493.0
2019-01-29,1219.440918,1220.084839,1190.069336,1199.281982,1184.405518,9417294.0
2019-01-30,1203.591187,1213.497314,1179.9155269999999,1184.4724119999998,1169.779663,7921321.0
2019-01-31,1190.713257,1218.153076,1189.7226560000001,1215.627075,1200.547852,10281893.0
2019-02-01,1222.41272,1243.215576,1215.527954,1238.213013,1222.853638,9316446.0
2019-02-04,1235.290649,1284.771606,1230.387207,1278.778442,1262.9157710000002,11781195.0
2019-02-05,1279.868164,1292.151733,1266.5939939999998,1279.4223630000001,1263.55188,9451152.0
2019-02-06,1284.0782470000001,1305.2772220000002,1282.097046,1297.9467769999999,1281.846313,9500797.0
2019-02-07,1297.9467769999999,1308.793945,1274.0235599999999,1278.283203,1262.426636,9299549.0
2019-02-08,1272.735718,1288.28833,1260.303589,1265.702393,1250.002075,6567167.0
2019-02-11,1263.919312,1264.018311,1239.253174,1241.481934,1226.0820310000001,7595318.0
2019-02-12,1239.748413,1260.4025880000002,1239.748413,1244.602417,1229.163818,6460145.0
2019-02-14,1229.347046,1229.347046,1206.5629880000001,1212.704712,1197.661743,6690180.0
2019-02-15,1218.2026369999999,1238.163452,1202.600586,1232.764648,1217.4729,9688940.0
2019-02-18,1238.262451,1240.739014,1203.591187,1208.643311,1193.650757,9740480.0
2019-02-19,1206.5629880000001,1228.059204,1199.826782,1204.680786,1189.737305,6303377.0
2019-02-20,1212.358032,1228.356445,1207.553589,1222.7595210000002,1207.591675,6357879.0
2019-02-21,1224.393921,1245.989258,1217.8063960000002,1235.19165,1219.869751,10680467.0
2019-02-22,1232.913208,1233.606689,1214.487915,1220.778198,1205.635132,8838861.0
2019-02-25,1224.393921,1231.3282470000001,1209.18811,1220.72876,1205.586182,7926962.0
2019-02-26,1198.142822,1223.2052,1194.675659,1208.79187,1193.7973630000001,10227082.0
2019-02-27,1216.518677,1233.210449,1197.647461,1212.0113529999999,1196.976929,11218523.0
2019-02-28,1222.165039,1228.207764,1215.032715,1219.4904789999998,1204.3632810000001,11393904.0
2019-03-01,1225.3845210000002,1230.684326,1210.773071,1214.5373539999998,1199.471558,7997610.0
2019-03-05,1211.912231,1228.158325,1207.157349,1226.028442,1210.8201900000001,7189013.0
2019-03-06,1228.158325,1261.14563,1223.502441,1252.923584,1237.381592,12152341.0
2019-03-07,1252.1311039999998,1267.782715,1246.3359380000002,1258.322388,1242.713623,8186126.0
2019-03-08,1254.161743,1262.48291,1250.14978,1255.201904,1239.631836,6097305.0
2019-03-11,1258.124268,1299.680298,1256.0935060000002,1291.854492,1275.829712,9810964.0
2019-03-12,1304.534302,1321.473755,1301.90918,1318.848633,1302.488892,11335173.0
2019-03-13,1324.445557,1347.229614,1315.62915,1334.648804,1318.09314,11342554.0
2019-03-14,1337.075806,1349.2108150000001,1323.554077,1328.9528810000002,1312.467773,10500649.0
2019-03-15,1332.370483,1346.040894,1298.887817,1309.2397460000002,1292.99939,16043743.0
2019-03-18,1318.501953,1345.1988529999999,1316.520752,1337.373047,1320.783569,10201021.0
2019-03-19,1347.229614,1367.04187,1330.4882810000001,1363.624146,1346.709106,9898262.0
2019-03-20,1364.862427,1374.966675,1351.192017,1362.534546,1345.6329349999999,9986597.0
2019-03-22,1359.612183,1367.93335,1324.1484380000002,1329.151001,1312.663452,11573789.0
2019-03-25,1318.1057130000002,1324.2969970000001,1304.336182,1312.013428,1295.738525,8027368.0
2019-03-26,1317.8084720000002,1358.720703,1317.5113529999999,1354.411499,1337.610718,9569142.0
2019-03-27,1365.011108,1365.011108,1331.627441,1336.580566,1320.000977,10189856.0
2019-03-28,1337.571167,1356.9376220000001,1330.1911619999998,1347.229614,1330.517944,10582305.0
2019-04-01,1357.135742,1393.59021,1349.755615,1378.780518,1361.67749,10194002.0
2019-04-02,1384.872803,1389.924927,1367.1408689999998,1376.650757,1359.5740970000002,8088587.0
2019-04-03,1379.6721189999998,1389.825806,1359.116943,1362.286865,1345.388306,7923866.0
2019-04-04,1366.0511470000001,1370.7070310000001,1334.599365,1340.344849,1323.7185060000002,8455067.0
2019-04-05,1348.170654,1351.093018,1330.389282,1341.18689,1324.550049,6792015.0
2019-04-08,1343.267212,1344.753052,1311.270508,1316.768311,1300.434448,8806267.0
2019-04-09,1316.4216310000002,1328.11084,1308.595825,1321.919556,1305.521851,9587648.0
2019-04-10,1325.3867189999999,1335.342285,1314.044189,1318.898193,1302.537964,7684871.0
2019-04-11,1320.4335939999999,1340.295288,1316.520752,1334.153564,1317.604126,5795755.0
2019-04-12,1337.323486,1344.158691,1324.098877,1330.4882810000001,1313.9841310000002,5975855.0
2019-04-15,1332.370483,1336.283325,1322.464355,1327.56604,1311.098267,4285366.0
2019-04-16,1332.370483,1347.229614,1327.417358,1331.132202,1314.620239,8011783.0
2019-04-18,1362.088745,1376.700317,1352.182617,1372.935913,1355.905396,18130729.0
2019-04-22,1347.229614,1354.1639400000001,1328.7052,1332.717163,1316.185425,10895052.0
2019-04-23,1335.342285,1360.107544,1333.361084,1351.043457,1334.284546,9141135.0
2019-04-24,1357.432861,1381.7028810000002,1353.420898,1376.4526369999999,1359.378418,7430660.0
2019-04-25,1376.0563960000002,1399.137573,1349.805176,1359.513184,1342.64917,14061860.0
2019-04-26,1362.088745,1382.842041,1357.829102,1379.721558,1362.606812,6954749.0
2019-04-30,1383.287842,1383.287842,1353.965698,1379.721558,1362.606812,10313866.0
2019-05-02,1378.929077,1400.623535,1369.12207,1391.856567,1374.591187,8764806.0
2019-05-03,1394.72937,1404.189697,1389.479126,1395.62085,1378.3088380000002,6571878.0
2019-05-06,1384.872803,1389.627686,1365.159668,1371.895752,1354.878052,7306518.0
2019-05-07,1381.7028810000002,1381.901001,1327.6154789999998,1330.8845210000002,1314.3754880000001,8961240.0
2019-05-08,1327.417358,1327.417358,1280.066284,1287.248169,1271.280518,14749036.0
2019-05-09,1276.69812,1276.69812,1239.9960939999999,1244.6519779999999,1229.2126460000002,19692278.0
2019-05-10,1253.121704,1265.702393,1233.309448,1239.401733,1224.027466,11333250.0
2019-05-13,1236.182251,1248.9610599999999,1215.973755,1220.481079,1205.341675,8124086.0
2019-05-14,1224.889282,1257.430786,1219.936279,1248.61438,1233.125977,13124240.0
2019-05-15,1261.046509,1265.999634,1238.856934,1245.0977779999998,1229.653076,11269622.0
2019-05-16,1248.119019,1259.956909,1246.286499,1253.468384,1237.9198,6669276.0
2019-05-17,1255.102905,1264.9594730000001,1240.243774,1255.499146,1239.925293,7973309.0
2019-05-20,1301.265259,1325.139038,1291.260132,1313.449829,1297.157227,12450850.0
2019-05-21,1319.690674,1354.1639400000001,1317.560791,1327.2192380000001,1310.7558589999999,14003548.0
2019-05-22,1333.014404,1346.932373,1322.563477,1327.813599,1311.342773,11394393.0
2019-05-23,1359.116943,1378.929077,1312.5582279999999,1321.374634,1304.983643,17890505.0
2019-05-24,1335.342285,1341.087769,1304.138062,1324.2969970000001,1307.869751,10277262.0
2019-05-27,1324.544678,1324.940918,1294.727295,1298.343018,1282.237671,7419387.0
2019-05-28,1307.407104,1322.266235,1301.0177,1311.319946,1295.053711,19657240.0
2019-05-29,1308.595825,1320.780273,1291.904053,1300.720459,1284.585693,7180252.0
2019-05-30,1303.8903810000002,1329.398682,1303.8903810000002,1317.263672,1300.923706,10842653.0
2019-05-31,1325.337158,1329.299561,1307.803345,1317.6599119999998,1301.314941,11871652.0
2019-06-03,1322.464355,1354.411499,1308.793945,1347.4277339999999,1330.713623,8564026.0
2019-06-04,1344.7036130000001,1361.345825,1335.4414060000001,1338.958008,1322.348877,7126831.0
2019-06-06,1349.111816,1349.111816,1308.694824,1314.88623,1298.575806,7736969.0
2019-06-07,1313.49939,1314.7871089999999,1293.340454,1302.553101,1286.39563,6794394.0
2019-06-10,1308.496704,1314.539429,1297.798218,1306.763184,1290.553345,5431146.0
2019-06-11,1309.437866,1321.9689939999998,1305.624023,1316.669312,1300.33667,5303590.0
2019-06-12,1322.167236,1325.8323970000001,1312.5582279999999,1319.6411130000001,1303.271606,4752340.0
2019-06-13,1317.5113529999999,1322.167236,1296.361816,1314.7871089999999,1298.477783,7239164.0
2019-06-14,1309.487427,1312.5582279999999,1297.104736,1305.1782230000001,1288.988159,6896085.0
2019-06-17,1307.605225,1307.605225,1266.494873,1270.259155,1254.502197,6880158.0
2019-06-18,1266.8911130000001,1275.856201,1257.183105,1268.971436,1253.2304689999999,7751984.0
2019-06-19,1274.81604,1289.77417,1250.7441410000001,1265.3557130000002,1249.659668,6688408.0
2019-06-20,1267.980835,1287.7929689999999,1265.999634,1284.573486,1268.639038,4960591.0
2019-06-21,1283.7810060000002,1283.830566,1263.572632,1267.485474,1251.762817,10723794.0
2019-06-24,1260.204468,1264.464111,1245.295898,1250.546021,1235.033691,5199824.0
2019-06-25,1247.078979,1285.811768,1242.4726560000001,1283.682007,1267.758667,6907221.0
2019-06-26,1278.877563,1292.3498539999998,1274.27124,1281.997925,1266.095459,5350180.0
2019-06-27,1281.007324,1284.722168,1259.065308,1262.185791,1246.529053,11493899.0
2019-06-28,1265.108032,1270.804077,1236.925171,1241.333374,1225.935181,8741806.0
2019-07-01,1246.236938,1260.699829,1234.74585,1256.935547,1241.3438720000001,6220490.0
2019-07-02,1261.987671,1268.971436,1251.4376220000001,1266.494873,1250.784668,4682721.0
2019-07-03,1270.853638,1274.4198,1263.077271,1270.506836,1254.746826,4064194.0
2019-07-04,1269.367676,1278.877563,1267.980835,1271.943237,1256.165405,4315672.0
2019-07-05,1273.032959,1278.382202,1248.168579,1251.487183,1235.963135,5042694.0
2019-07-08,1246.1873779999999,1256.192505,1236.47937,1240.2932130000002,1224.907959,6465252.0
2019-07-09,1237.2224119999998,1271.447998,1233.8048099999999,1268.079834,1252.349976,8092747.0
2019-07-10,1268.030396,1277.243042,1256.786865,1266.841553,1251.127075,5546395.0
2019-07-11,1274.915039,1277.688843,1267.2873539999998,1269.516235,1253.768555,3972764.0
2019-07-12,1270.9526369999999,1287.7929689999999,1266.049072,1268.476074,1252.741211,7242056.0
2019-07-15,1272.9338380000002,1277.391602,1258.4213869999999,1264.117432,1248.436646,4919356.0
2019-07-16,1267.931274,1282.740845,1265.0584720000002,1280.858765,1264.970337,4647660.0
2019-07-17,1282.1464839999999,1284.821167,1267.980835,1269.813477,1254.0620119999999,4376049.0
2019-07-18,1269.962036,1274.320679,1246.1873779999999,1250.001221,1234.495483,5511650.0
2019-07-19,1256.291626,1260.996948,1231.0310060000002,1237.271851,1221.924194,7539309.0
2019-07-22,1239.253174,1272.438599,1215.775635,1268.476074,1252.741211,13426225.0
2019-07-23,1272.9338380000002,1281.7502439999998,1248.564819,1261.591431,1245.942017,9375991.0
2019-07-24,1261.54187,1266.792114,1241.779175,1247.2771,1231.805176,7009804.0
2019-07-25,1252.1311039999998,1257.133667,1215.4785160000001,1219.936279,1204.803711,10063036.0
2019-07-26,1219.936279,1230.832886,1198.638062,1202.402466,1187.487305,9408829.0
2019-07-29,1205.473267,1210.5253910000001,1193.78418,1199.579224,1184.6990970000002,8134417.0
2019-07-30,1202.551025,1208.544189,1164.907837,1169.811401,1155.300415,9623710.0
2019-07-31,1164.709717,1173.872803,1151.485107,1155.29895,1140.968018,9797618.0
2019-08-01,1152.475708,1177.0428470000002,1139.548218,1169.16748,1154.664551,10442920.0
2019-08-02,1164.6601560000001,1186.998413,1151.187866,1173.2290039999998,1165.092163,10968377.0
2019-08-05,1156.04187,1156.04187,1117.408081,1132.613892,1124.758789,14029195.0
2019-08-06,1124.094727,1138.805298,1111.4644779999999,1117.705322,1109.953491,13414874.0
2019-08-07,1115.9221189999998,1127.859009,1092.741943,1098.982788,1091.36084,11698729.0
2019-08-08,1097.942627,1147.126343,1085.0151369999999,1141.529419,1133.612427,14398134.0
2019-08-09,1150.940186,1164.462036,1141.479858,1151.187866,1143.203857,10139155.0
2019-08-13,1221.570679,1290.5667720000001,1214.487915,1262.780151,1254.022339,48377710.0
2019-08-14,1291.755493,1292.201172,1268.327515,1276.15332,1267.3027339999999,14624460.0
2019-08-16,1279.075684,1279.670044,1261.046509,1265.999634,1257.21936,10142736.0
2019-08-19,1269.0209960000002,1284.623047,1267.980835,1280.462524,1271.5820310000001,7530571.0
2019-08-20,1277.688843,1280.462524,1260.650269,1263.9688720000001,1255.202759,6908329.0
2019-08-21,1263.6716310000002,1266.643433,1254.607544,1259.0157470000001,1250.283936,4927825.0
2019-08-22,1259.0157470000001,1259.065308,1227.266724,1235.0429689999999,1226.477539,6475744.0
2019-08-23,1227.365845,1271.943237,1214.983154,1263.869751,1255.104248,9833599.0
2019-08-26,1281.849365,1281.849365,1247.1779789999998,1254.904785,1246.201538,8861952.0
2019-08-27,1272.9338380000002,1272.9338380000002,1249.3573,1262.87915,1254.120605,13107475.0
2019-08-28,1261.789551,1268.971436,1244.255737,1251.4376220000001,1242.758423,5355931.0
2019-08-29,1244.6519779999999,1248.41626,1223.700562,1230.089966,1221.558716,8717834.0
2019-08-30,1233.8048099999999,1242.621216,1209.53479,1236.826172,1228.248291,11415309.0
2019-09-03,1230.585327,1231.3282470000001,1188.732056,1195.071899,1186.783691,8644177.0
2019-09-04,1189.276855,1193.932739,1174.912964,1189.871216,1181.619019,15206140.0
2019-09-05,1195.46814,1201.808105,1182.094971,1187.345215,1179.110474,10612413.0
2019-09-06,1191.703857,1217.459717,1184.026611,1211.020752,1202.621826,10700713.0
2019-09-09,1209.18811,1221.4221189999998,1201.758545,1210.723511,1202.32666,5421667.0
2019-09-11,1211.020752,1228.356445,1211.020752,1222.80896,1214.3283689999998,5597024.0
2019-09-12,1223.40332,1228.802124,1194.37854,1198.9848630000001,1190.669434,5482620.0
2019-09-13,1200.619385,1216.964355,1195.567261,1214.091675,1205.671509,5975368.0
2019-09-16,1177.835327,1207.65271,1174.962524,1199.3811039999998,1191.0629880000001,9482774.0
2019-09-17,1199.6286619999998,1199.6286619999998,1182.293091,1186.205933,1177.979126,7218213.0
2019-09-18,1193.635498,1204.8789060000001,1185.958252,1194.37854,1186.095093,6891996.0
2019-09-19,1196.508301,1198.340942,1161.638794,1167.97876,1159.878418,6353109.0
2019-09-20,1176.795166,1257.975708,1163.2733150000001,1242.571655,1233.953979,22228398.0
2019-09-23,1262.185791,1268.971436,1223.40332,1227.563965,1219.050293,9973401.0
2019-09-24,1231.922607,1286.604248,1231.080566,1266.692993,1257.907959,16133561.0
2019-09-25,1271.943237,1282.839966,1256.935547,1267.535034,1258.7441410000001,8395729.0
2019-09-26,1279.868164,1286.604248,1271.447998,1284.623047,1275.713623,8468733.0
2019-09-27,1280.3634029999998,1302.6521,1271.943237,1296.758057,1287.764404,8795570.0
2019-09-30,1297.6990970000002,1323.207275,1293.290894,1319.7402339999999,1310.58728,11659226.0
2019-10-01,1324.445557,1329.398682,1281.155884,1292.6469730000001,1283.681885,8270254.0
2019-10-03,1273.924438,1302.35498,1269.268555,1298.739258,1289.732056,6241716.0
2019-10-04,1307.5061039999998,1316.1245119999999,1291.606812,1295.816895,1286.829834,6918922.0
2019-10-07,1295.816895,1308.397705,1289.477051,1297.798218,1288.797485,4643419.0
2019-10-09,1296.411377,1317.461792,1280.3634029999998,1312.310547,1303.209106,8117158.0
2019-10-10,1312.5582279999999,1356.145142,1308.595825,1349.953735,1340.591187,16155443.0
2019-10-11,1350.8948970000001,1352.7769779999999,1323.9997560000002,1339.899048,1330.606201,7659571.0
2019-10-14,1352.133179,1352.133179,1338.1655269999999,1345.248413,1335.918457,6181455.0
2019-10-15,1349.706177,1357.135742,1341.58313,1351.340698,1341.9686279999999,4463991.0
2019-10-16,1357.0366210000002,1366.695068,1350.8948970000001,1359.463623,1350.0351560000001,8954786.0
2019-10-17,1362.088745,1385.8634029999998,1359.116943,1383.386841,1373.79248,7401968.0
2019-10-18,1390.8164060000001,1414.4920650000001,1385.5661619999998,1403.0505369999998,1393.319824,12978275.0
2019-10-22,1411.619263,1423.358032,1390.172607,1400.8710939999999,1391.155518,12823466.0
2019-10-23,1403.000977,1412.560303,1370.162231,1379.325317,1369.759155,8512900.0
2019-10-24,1387.844604,1427.8652339999999,1373.530273,1422.961792,1413.093018,10449504.0
2019-10-25,1427.568115,1427.914795,1397.998413,1417.760986,1407.9282230000001,6248688.0
2019-10-27,,,,,,
2019-10-29,1431.926758,1466.102783,1428.558716,1453.274414,1443.1953130000002,11892161.0
2019-10-30,1466.102783,1470.610107,1446.587769,1465.211304,1455.049438,7541537.0
2019-10-31,1470.065308,1475.662231,1447.9746089999999,1450.599731,1440.5391849999999,8982513.0
2019-11-01,1441.337524,1448.07373,1427.4689939999998,1443.219727,1433.210449,6416833.0
2019-11-04,1452.1352539999998,1457.1873779999999,1431.530518,1443.9626460000002,1433.94812,6490272.0
2019-11-05,1449.36145,1455.156616,1427.4689939999998,1433.709839,1423.766479,5854289.0
2019-11-06,1429.153076,1432.867798,1415.086426,1421.42627,1411.568115,6749668.0
2019-11-07,1421.5253910000001,1449.262451,1418.751709,1444.903809,1434.8828130000002,6499781.0
2019-11-08,1435.393921,1445.9438480000001,1427.766235,1431.926758,1421.9957279999999,5546929.0
2019-11-11,1425.586914,1430.688477,1409.192261,1414.392944,1404.583618,5241641.0
2019-11-13,1416.5722660000001,1462.04126,1416.5722660000001,1458.4750980000001,1448.359985,11641679.0
2019-11-14,1462.1403810000002,1467.6877439999998,1442.130005,1449.014771,1438.965332,6580126.0
2019-11-15,1451.887573,1472.838989,1449.411011,1457.038696,1446.9335939999999,7241673.0
2019-11-18,1458.8217769999999,1472.046509,1441.733765,1445.498169,1435.4730220000001,6496095.0
2019-11-19,1453.2248539999998,1500.675049,1451.2436519999999,1495.573486,1485.20105,13926337.0
2019-11-20,1540.44812,1557.635132,1528.709351,1533.117554,1522.484741,20092835.0
2019-11-21,1530.492432,1541.38916,1514.196899,1523.161987,1512.598145,6875134.0
2019-11-22,1527.619751,1554.762451,1523.161987,1531.978394,1521.3535160000001,10315843.0
2019-11-25,1536.584717,1550.106567,1536.436157,1546.887085,1536.158813,6989948.0
2019-11-26,1553.37561,1561.548096,1541.38916,1545.599243,1534.879883,16305243.0
2019-11-27,1545.302124,1560.706055,1541.4882810000001,1555.1091310000002,1544.32373,4450122.0
2019-11-28,1557.8828130000002,1569.2749019999999,1549.264526,1565.4609380000002,1554.60376,6344459.0
2019-11-29,1567.095459,1567.095459,1533.315674,1536.584717,1525.927856,8565249.0
2019-12-02,1584.975952,1599.290283,1562.192017,1571.602783,1560.703125,14410500.0
2019-12-03,1577.794067,1579.032349,1557.833252,1564.0740970000002,1553.2266849999999,5995079.0
2019-12-04,1558.229492,1562.6872560000002,1519.348145,1538.120117,1527.4526369999999,9685777.0
2019-12-05,1559.220093,1564.916138,1529.501831,1536.287476,1525.6326900000001,9203442.0
2019-12-06,1538.417358,1553.276489,1526.6290279999998,1540.299561,1529.616943,6038833.0
2019-12-09,1541.53772,1562.588257,1531.978394,1557.833252,1547.029053,5834593.0
2019-12-10,1557.288452,1558.8238529999999,1539.556519,1547.283325,1536.5522460000002,4694991.0
2019-12-11,1540.99292,1559.715454,1536.039917,1547.729126,1536.994995,5706279.0
2019-12-12,1555.5053710000002,1559.071533,1542.033081,1553.4746089999999,1542.700562,4765727.0
2019-12-13,1565.163818,1575.069946,1557.635132,1568.0366210000002,1557.1616210000002,5846419.0
2019-12-16,1577.0511470000001,1578.93335,1549.660767,1551.889648,1541.126709,5488487.0
2019-12-17,1552.038208,1564.173218,1540.9433589999999,1548.026245,1537.290039,9379800.0
2019-12-18,1548.323486,1565.163818,1547.332886,1561.0527339999999,1550.226196,6803466.0
2019-12-19,1558.922974,1599.736084,1557.0407710000002,1594.832642,1583.771851,9464354.0
2019-12-20,1599.835205,1602.361206,1581.112671,1584.0844730000001,1573.098145,9816798.0
2019-12-23,1545.450684,1562.736816,1543.172241,1556.6445310000001,1545.848511,11587233.0
2019-12-24,1554.168091,1557.288452,1528.015991,1531.928833,1521.304321,8329356.0
2019-12-26,1527.17395,1538.367798,1495.969727,1501.17041,1490.759155,13734705.0
2019-12-27,1512.661499,1531.6811519999999,1507.015015,1527.8673099999999,1517.270874,8158196.0
2019-12-30,1531.4335939999999,1533.117554,1513.70166,1529.699951,1519.09082,7902607.0
2019-12-31,1527.52063,1529.204712,1493.889404,1499.83313,1489.4311519999999,10246683.0
2020-01-01,1503.7459720000002,1512.760498,1491.3634029999998,1495.424927,1485.053467,6463060.0
2020-01-02,1497.802368,1526.4804689999999,1497.802368,1520.883545,1510.335571,8173308.0
2020-01-03,1518.6051029999999,1527.17395,1508.6990970000002,1522.716187,1512.155518,9684434.0
2020-01-06,1505.727173,1513.5529789999998,1483.9338380000002,1487.4008789999998,1477.085083,11315596.0
2020-01-07,1504.736572,1520.091064,1499.288208,1510.284058,1499.80957,7699489.0
2020-01-08,1500.77417,1520.0415039999998,1495.821167,1498.9415279999998,1488.545776,7406104.0
2020-01-09,1524.1525880000002,1535.445557,1516.871582,1533.464233,1522.829102,6914533.0
2020-01-10,1537.3276369999999,1543.320801,1525.192749,1533.117554,1522.484741,5758760.0
2020-01-13,1530.541992,1544.063843,1523.954468,1529.204712,1518.598999,8437316.0
2020-01-14,1525.539429,1535.445557,1507.559814,1515.0389400000001,1504.5314939999998,7299328.0
2020-01-15,1521.428345,1525.440308,1503.9936519999999,1509.5410160000001,1499.0717769999999,7299939.0
2020-01-16,1514.6427,1528.85791,1513.6521,1523.459106,1512.893311,5929338.0
2020-01-17,1538.9125980000001,1570.067383,1538.6154789999998,1566.154419,1555.29248,13597387.0
2020-01-20,1593.891479,1593.891479,1512.067139,1517.961304,1507.433716,15019904.0
2020-01-21,1514.24646,1531.3344730000001,1507.708374,1519.496704,1508.958374,8732832.0
2020-01-22,1529.501831,1532.226074,1516.7230220000001,1518.951904,1508.417358,4763978.0
2020-01-23,1522.0722660000001,1527.471069,1506.420654,1512.512939,1502.023071,5190829.0
2020-01-24,1512.661499,1521.923706,1504.2907710000002,1507.262695,1496.809204,6751025.0
2020-01-27,1500.675049,1510.135376,1490.868042,1492.403564,1482.053101,6178444.0
2020-01-28,1494.434204,1495.821167,1449.856812,1457.930298,1447.81897,11321622.0
2020-01-29,1460.20874,1480.367554,1450.302612,1465.954224,1455.7873539999998,11420535.0
2020-01-30,1465.112183,1465.805664,1426.478394,1430.193237,1420.27417,10338837.0
2020-01-31,1439.356323,1439.6040039999998,1393.98645,1398.3946529999998,1388.696289,16037262.0
2020-02-03,1357.0366210000002,1386.804443,1350.250977,1372.490112,1362.971436,14173717.0
2020-02-04,1386.8540039999998,1419.048828,1384.674683,1413.0061039999998,1403.206299,11714666.0
2020-02-05,1421.42627,1439.158203,1416.869507,1434.8985599999999,1424.946899,8524871.0
2020-02-06,1440.446045,1453.2248539999998,1426.577515,1444.111328,1434.095825,7171051.0
2020-02-07,1437.3751220000001,1438.7124019999999,1414.888306,1420.1879880000001,1410.3383789999998,5634549.0
2020-02-10,1414.591064,1431.926758,1397.205933,1422.119751,1412.256836,6988250.0
2020-02-11,1433.80896,1452.432373,1431.480957,1439.108643,1429.127808,6460912.0
2020-02-12,1442.476807,1461.001221,1441.337524,1456.4938960000002,1446.392456,6245738.0
2020-02-13,1463.873901,1463.873901,1448.866211,1460.307739,1450.179932,6260549.0
2020-02-14,1463.3786619999998,1487.3514400000001,1439.455444,1473.63147,1463.411255,9796645.0
2020-02-17,1475.018311,1492.007202,1460.456299,1464.369263,1454.213257,6068321.0
2020-02-18,1462.04126,1462.04126,1443.714966,1453.6210939999999,1443.539551,5135183.0
2020-02-19,1465.458862,1492.304443,1461.248779,1489.679321,1479.3477779999998,6499952.0
2020-02-20,1482.943237,1493.8398439999999,1469.8671880000002,1471.996948,1461.787964,7795779.0
2020-02-24,1455.9490970000002,1463.130981,1426.032593,1431.381958,1421.454712,9862350.0
2020-02-25,1437.771362,1437.771362,1396.760132,1403.099976,1393.3688960000002,12804341.0
2020-02-26,1396.760132,1399.088013,1374.3227539999998,1378.929077,1369.365601,13550903.0
2020-02-27,1374.966675,1380.71228,1356.145142,1373.233154,1363.7092289999998,11562875.0
2020-02-28,1342.17749,1344.2578130000002,1312.5582279999999,1316.17395,1307.045654,18144221.0
2020-03-02,1342.37561,1356.145142,1288.8826900000001,1303.791382,1294.749023,13614473.0
2020-03-03,1317.214111,1341.18689,1309.586426,1330.240601,1321.014771,12644541.0
2020-03-04,1339.3046880000002,1341.087769,1295.618774,1327.120239,1317.916138,10201574.0
2020-03-05,1339.502808,1345.1988529999999,1293.736694,1298.838257,1289.830322,14080540.0
2020-03-06,1258.074707,1276.054321,1229.446045,1259.065308,1250.333252,15568253.0
2020-03-09,1228.405884,1229.347046,1084.718018,1103.68811,1096.033569,40698294.0
2020-03-11,1097.595947,1167.384399,1097.595947,1142.71814,1134.7929689999999,27495503.0
2020-03-12,1074.81189,1090.6616210000002,1038.852661,1053.018433,1045.715332,25830369.0
2020-03-13,988.628784,1129.29541,933.550842,1094.921265,1087.3276369999999,33826739.0
2020-03-16,1050.591431,1069.561646,995.563049,1006.162598,999.1844480000001,17759556.0
2020-03-17,1037.416382,1050.0466310000002,993.7799679999999,998.534912,991.60968,20973312.0
2020-03-18,1015.672424,1026.172852,951.9761960000001,959.4057619999999,952.751892,20643079.0
2020-03-19,911.460266,957.919861,883.822266,909.082825,902.7779539999999,28337941.0
2020-03-20,930.678101,1025.182251,921.267334,1008.3914789999999,1001.3978880000001,29240849.0
2020-03-23,907.5968630000001,941.0795289999999,867.427673,875.7487789999999,869.67511,18769636.0
2020-03-24,921.267334,960.8917240000001,887.388428,934.5415039999999,928.0601199999999,21106643.0
2020-03-25,954.749939,1140.736938,954.205078,1072.0876460000002,1064.6522220000002,33749620.0
2020-03-26,1085.510498,1106.4123539999998,1032.5623779999999,1056.188354,1048.8632810000001,21111073.0
2020-03-27,1084.718018,1096.902466,1036.376221,1055.5939939999998,1048.273071,19225132.0
2020-03-30,1030.828735,1064.707642,1010.42218,1020.774109,1013.694641,13951078.0
2020-03-31,1063.865601,1119.1911619999998,1038.159302,1103.29187,1095.6401369999999,20441125.0
2020-04-01,1111.712036,1114.040039,1035.38562,1070.3045650000001,1062.881592,19197220.0
2020-04-03,1123.797485,1123.797485,1046.3813480000001,1067.332764,1059.93042,19091236.0
2020-04-07,1091.751343,1202.600586,1089.671021,1194.77478,1186.488525,25093419.0
2020-04-08,1168.9198,1217.459717,1149.107666,1180.955688,1172.765259,23019764.0
2020-04-09,1202.600586,1221.223999,1181.797729,1208.4946289999998,1200.113159,15244658.0
2020-04-13,1192.6448970000001,1203.591187,1168.9198,1177.9838869999999,1169.814087,10925447.0
2020-04-15,1185.809692,1224.393921,1132.267212,1139.052856,1131.153076,16301024.0
2020-04-16,1139.052856,1176.299805,1134.248413,1157.0820310000001,1149.057251,17285802.0
2020-04-17,1204.5817869999998,1218.450317,1181.45105,1212.506592,1204.09729,15353792.0
2020-04-20,1214.487915,1245.1967769999999,1190.713257,1232.1207279999999,1223.575439,16628269.0
2020-04-21,1198.638062,1240.243774,1153.070068,1225.731323,1217.2303470000002,28322996.0
2020-04-22,1307.605225,1371.895752,1287.7929689999999,1350.795776,1341.427368,65848350.0
2020-04-23,1354.51062,1372.836914,1340.592529,1358.0272220000002,1348.608765,30211857.0
2020-04-24,1337.472046,1480.912476,1334.549805,1403.694336,1393.959106,62296159.0
2020-04-27,1420.53479,1461.14978,1409.638062,1416.324707,1406.501831,26989849.0
2020-04-28,1436.3845210000002,1441.783325,1379.077759,1414.739624,1404.927856,36206232.0
2020-04-29,1431.3323970000001,1440.0002439999998,1406.66626,1413.5509029999998,1403.747314,17303785.0
2020-04-30,1440.2973630000001,1480.912476,1424.5467529999999,1452.2342529999999,1442.162476,32926121.0
2020-05-04,1426.478394,1451.2436519999999,1404.1401369999999,1421.723511,1411.8632810000001,24670336.0
2020-05-05,1440.049805,1465.112183,1433.61084,1446.934448,1436.899292,20723079.0
2020-05-06,1450.253052,1471.0063480000001,1431.926758,1447.033569,1436.997803,18685710.0
2020-05-07,1441.337524,1499.43689,1431.431519,1492.799805,1482.446655,23087436.0
2020-05-08,1530.492432,1565.064697,1522.666626,1547.1347660000001,1536.404785,38887255.0
2020-05-11,1565.163818,1599.835205,1557.536133,1561.9938960000002,1551.160767,30959745.0
2020-05-12,1550.106567,1553.623169,1451.2436519999999,1465.3598630000001,1455.1970210000002,46465281.0
2020-05-13,1527.0,1527.0,1454.0,1496.449951,1486.071411,30657492.0
2020-05-14,1469.0,1496.699951,1430.050049,1435.949951,1425.991089,22736607.0
2020-05-15,1444.0,1466.699951,1415.099976,1459.400024,1449.278442,28683258.0
2020-05-18,1470.0,1482.0,1428.0,1440.75,1430.7578130000002,28980385.0
2020-05-19,1457.0,1461.699951,1403.25,1408.900024,1399.128784,19528760.0
2020-05-20,1410.0,1446.849976,1393.0,1433.699951,1423.756714,25530626.0
2020-05-21,1435.0,1461.449951,1425.0,1441.25,1431.254395,18076017.0
2020-05-22,1451.800049,1458.0,1426.5,1431.550049,1421.621704,17458065.0
2020-05-26,1448.150024,1449.699951,1416.300049,1424.050049,1414.173706,15329472.0
2020-05-27,1431.0,1454.0,1412.0,1445.550049,1435.524658,16460756.0
2020-05-28,1455.0,1479.75,1449.0,1472.25,1462.039429,18518271.0
2020-05-29,1468.0,1472.0,1452.650024,1464.400024,1454.243774,18470390.0
2020-06-01,1480.0,1538.349976,1475.949951,1520.349976,1509.805786,18434012.0
2020-06-02,1526.0,1540.0,1520.800049,1535.699951,1525.049194,10224049.0
2020-06-03,1545.0,1560.0,1533.349976,1541.650024,1530.95813,11713461.0
2020-06-04,1544.0,1589.5,1541.0,1579.800049,1568.8435060000002,15784379.0
2020-06-05,1595.0,1618.0,1573.699951,1581.699951,1570.730225,15264885.0
2020-06-08,1618.400024,1618.400024,1565.0,1569.5,1558.614868,14497996.0
2020-06-09,1560.300049,1583.0,1533.0,1537.150024,1526.489258,11933076.0
2020-06-10,1543.099976,1579.550049,1540.050049,1572.150024,1561.24646,10214213.0
2020-06-11,1566.0,1567.949951,1531.0,1537.699951,1527.0354,9408046.0
2020-06-12,1500.0,1593.0,1497.0,1588.800049,1577.7811279999999,17790311.0
2020-06-15,1565.0,1626.949951,1561.099976,1614.550049,1603.352539,24509058.0
2020-06-16,1643.0,1648.550049,1585.300049,1617.699951,1606.4804689999999,23622794.0
2020-06-17,1608.25,1635.449951,1602.099976,1615.349976,1604.146851,19282411.0
2020-06-18,1607.0,1665.0,1605.599976,1655.900024,1644.4157710000002,18677617.0
2020-06-19,1670.0,1788.800049,1662.0,1759.4000239999998,1747.1978760000002,48828609.0
2020-06-22,1773.4000239999998,1804.199951,1735.0,1746.1500239999998,1734.039795,27781693.0
2020-06-23,1750.0,1763.75,1716.0999760000002,1720.9000239999998,1708.964966,17519493.0
2020-06-24,1735.9000239999998,1772.699951,1711.699951,1727.8499760000002,1715.866699,23807033.0
2020-06-25,1727.0,1749.0,1713.050049,1717.9000239999998,1705.985718,18312025.0
2020-06-26,1728.800049,1752.0,1717.0,1741.6500239999998,1729.571045,14270458.0
2020-06-29,1728.050049,1739.75,1715.550049,1723.1500239999998,1711.199341,11824524.0
2020-06-30,1737.0,1741.0,1695.550049,1704.0999760000002,1692.281372,13972563.0
2020-07-01,1720.0,1749.0,1708.050049,1737.5999760000002,1725.5490719999998,13136179.0
2020-07-02,1743.0,1767.5999760000002,1735.050049,1760.3499760000002,1754.7052,13286365.0
2020-07-03,1779.800049,1793.0,1768.0,1787.9000239999998,1782.16687,13583909.0
2020-07-06,1805.0,1858.0,1792.0999760000002,1851.800049,1845.862061,21697962.0
2020-07-07,1860.0,1864.3499760000002,1806.300049,1823.449951,1817.602905,16239990.0
2020-07-08,1824.050049,1834.949951,1790.0,1798.0,1792.234497,12093186.0
2020-07-09,1809.0,1835.0,1786.25,1824.25,1818.4003910000001,16807336.0
2020-07-10,1828.5,1884.5999760000002,1824.25,1878.050049,1872.027832,20195218.0
2020-07-13,1903.3499760000002,1947.699951,1900.0,1935.0,1928.795166,32124262.0
2020-07-14,1934.0,1941.699951,1887.300049,1917.0,1910.852905,31073305.0
2020-07-15,1937.949951,1978.800049,1798.0,1844.0,1838.087036,64457578.0
2020-07-16,1847.0,1869.0,1812.449951,1843.4000239999998,1837.489014,28133826.0
2020-07-17,1845.0,1920.0,1838.0,1911.699951,1905.569824,22948894.0
2020-07-20,1917.800049,1932.0,1899.6500239999998,1919.9000239999998,1913.7436519999999,16887635.0
2020-07-21,1939.0,1977.0,1936.5,1971.550049,1965.2280269999999,19463004.0
2020-07-22,1983.0,2010.0,1960.699951,2004.0,1997.573975,27584518.0
2020-07-23,2003.949951,2079.699951,1991.3499760000002,2057.800049,2051.201416,26921017.0
2020-07-24,2058.0,2163.0,2057.800049,2146.149902,2139.268066,55655668.0
2020-07-27,2178.800049,2198.800049,2127.899902,2156.199951,2149.285889,37060665.0
2020-07-28,2156.199951,2194.0,2150.649902,2177.699951,2170.716797,25435297.0
2020-07-29,2177.899902,2182.800049,2070.449951,2096.649902,2089.9267579999996,33534147.0
2020-07-30,2099.0,2139.699951,2072.0,2108.850098,2102.087891,33623699.0
2020-07-31,2114.5,2129.0,2052.800049,2067.100098,2060.47168,34593133.0
2020-08-03,2051.300049,2057.0,2003.0999760000002,2009.0,2002.557861,21559142.0
2020-08-04,2020.5999760000002,2167.0,2000.25,2150.600098,2143.703857,42476932.0
2020-08-05,2169.0,2196.0,2118.300049,2126.449951,2119.631348,34404810.0
2020-08-06,2157.0,2167.699951,2107.800049,2134.100098,2127.256836,22762545.0
2020-08-07,2129.800049,2157.800049,2120.199951,2146.449951,2139.567139,15222303.0
2020-08-10,2159.100098,2165.0,2108.100098,2119.850098,2113.05249,12441573.0
2020-08-11,2134.800049,2160.0,2100.350098,2133.800049,2126.957764,21611256.0
2020-08-12,2121.0,2145.0,2106.800049,2127.600098,2120.777832,13967116.0
2020-08-13,2128.0,2138.899902,2110.0,2122.050049,2115.245361,11459190.0
2020-08-14,2122.550049,2157.0,2089.25,2113.800049,2107.021973,15333164.0
2020-08-17,2105.0,2105.0,2070.100098,2091.350098,2084.644043,14296834.0
2020-08-18,2085.0,2134.300049,2082.350098,2118.550049,2111.756592,14097746.0
2020-08-19,2141.0,2154.0,2121.350098,2131.550049,2124.715088,15731396.0
2020-08-20,2120.0,2123.899902,2088.0,2097.050049,2090.325684,10401212.0
2020-08-21,2118.0,2122.0,2077.0,2081.850098,2075.174316,11667129.0
2020-08-24,2091.399902,2104.5,2070.5,2095.75,2089.029785,15098991.0
2020-08-25,2106.0,2111.300049,2078.0,2082.100098,2075.423584,8947563.0
2020-08-26,2085.0,2147.949951,2047.0,2137.300049,2130.446533,27630190.0
2020-08-27,2148.0,2150.0,2103.25,2110.600098,2103.832275,12961252.0
2020-08-28,2120.0,2132.899902,2106.25,2116.149902,2109.3642579999996,12537520.0
2020-08-31,2174.0,2174.0,2060.350098,2080.699951,2074.028076,28648125.0
2020-09-01,2100.0,2122.399902,2062.399902,2087.25,2080.556885,17821397.0
2020-09-02,2092.0,2138.0,2085.0,2128.199951,2121.375732,12437162.0
2020-09-03,2128.0,2138.75,2103.0,2112.100098,2105.327393,8577634.0
2020-09-04,2083.550049,2096.949951,2072.199951,2077.25,2070.589111,13141644.0
2020-09-07,2084.0,2105.75,2044.25,2082.649902,2075.97168,10119064.0
2020-09-08,2092.0,2121.0,2080.5,2107.100098,2100.3435059999997,12643749.0
2020-09-09,2085.0,2167.800049,2081.449951,2161.350098,2154.419434,25525961.0
2020-09-10,2183.100098,2344.949951,2175.350098,2314.0,2306.579834,64750460.0
2020-09-11,2312.0,2337.850098,2287.100098,2319.75,2312.311523,27445768.0
2020-09-14,2325.0,2360.0,2282.0,2302.550049,2295.166748,20335273.0
2020-09-15,2311.949951,2325.75,2288.149902,2318.850098,2311.4145510000003,12542824.0
2020-09-16,2320.0,2369.350098,2310.550049,2324.550049,2317.096191,15668979.0
2020-09-17,2320.0,2333.699951,2291.850098,2298.75,2291.378906,11919927.0
2020-09-18,2314.25,2319.449951,2276.550049,2305.699951,2298.306396,15264068.0
2020-09-21,2300.0,2336.0,2247.350098,2255.850098,2248.616455,15519031.0
2020-09-22,2277.0,2277.0,2201.550049,2211.149902,2204.05957,16056620.0
2020-09-23,2260.0,2276.75,2205.300049,2230.800049,2223.646729,19839282.0
2020-09-24,2207.899902,2226.0,2176.050049,2181.199951,2174.205811,13764841.0
2020-09-25,2189.0,2212.800049,2167.300049,2201.699951,2194.639893,13095028.0
2020-09-28,2227.0,2238.0,2207.050049,2216.25,2209.143311,9076248.0
2020-09-29,2225.0,2264.0,2216.25,2245.050049,2237.8510739999997,11926328.0
2020-09-30,2260.0,2267.0,2225.0,2234.350098,2227.185303,11290667.0
2020-10-01,2263.800049,2263.800049,2214.0,2225.25,2218.114502,9591456.0
2020-10-05,2244.0,2249.149902,2206.0,2212.199951,2205.106201,8732869.0
2020-10-06,2225.25,2233.899902,2201.649902,2210.350098,2203.262451,8497216.0
2020-10-07,2235.0,2309.0,2220.0,2257.5,2250.260986,24538346.0
2020-10-08,2259.0,2268.0,2222.100098,2239.25,2232.06958,9727405.0
2020-10-09,2235.0,2253.0,2217.100098,2233.449951,2226.288086,8558745.0
2020-10-12,2235.0,2255.75,2226.25,2237.050049,2229.876709,6565515.0
2020-10-13,2230.600098,2285.75,2225.850098,2280.699951,2273.386719,10666190.0
2020-10-14,2278.899902,2304.0,2268.5,2287.5,2280.164795,12341434.0
2020-10-15,2290.0,2290.0,2195.0,2206.5,2199.424561,9246702.0
2020-10-16,2215.0,2232.5,2172.649902,2175.800049,2168.822998,9960828.0
2020-10-19,2190.050049,2228.699951,2155.149902,2176.199951,2169.22168,14398973.0
2020-10-20,2179.0,2193.0,2152.25,2155.899902,2148.986816,8529573.0
2020-10-21,2168.0,2192.0,2097.75,2124.600098,2117.787354,15728986.0
2020-10-22,2127.399902,2132.5,2091.0,2106.949951,2100.193848,14215215.0
2020-10-23,2106.0,2135.0,2096.399902,2113.050049,2106.274414,10809307.0
2020-10-26,2101.949951,2101.949951,2018.5,2029.0999760000002,2022.593384,17225212.0
2020-10-27,2034.9000239999998,2059.850098,2005.0,2034.5,2027.976196,16835005.0
2020-10-28,2041.800049,2057.699951,2007.4000239999998,2011.449951,2005.0,13809929.0
2020-10-29,1997.0,2042.0,1991.0,2026.9000239999998,2020.4005129999998,14147418.0
2020-10-30,2033.5,2065.100098,2021.800049,2054.5,2047.9119870000002,15700946.0
2020-11-02,2027.0,2027.0,1859.1500239999998,1877.449951,1871.429688,45857806.0
2020-11-03,1890.0,1909.0,1835.0999760000002,1850.4000239999998,1844.4665530000002,40931170.0
2020-11-04,1837.0,1929.0,1837.0,1913.199951,1907.065063,37003111.0
2020-11-05,1954.949951,1960.949951,1932.0,1955.0,1948.731079,17170274.0
2020-11-06,1990.0,2040.0,1978.1500239999998,2029.1500239999998,2022.643311,30770080.0
2020-11-09,2062.100098,2069.0,2036.0,2050.699951,2044.124146,16539467.0
2020-11-10,2077.0,2090.0,2041.199951,2084.550049,2077.865723,17045147.0
2020-11-11,2089.0,2095.0,1978.0999760000002,1997.199951,1990.795654,26178477.0
2020-11-12,1981.0,2008.449951,1965.0,1980.0,1973.6508789999998,18481466.0
2020-11-13,1982.0,2036.6500239999998,1981.75,1996.4000239999998,1989.998291,20946864.0
2020-11-14,,,,,,
2020-11-17,2085.0,2085.0,1985.0,1993.25,1986.858398,21479385.0
2020-11-18,1993.25,2006.5,1960.0999760000002,1987.199951,1980.827759,14030652.0
2020-11-19,1987.199951,2010.449951,1968.199951,1973.1500239999998,1966.8228760000002,12828008.0
2020-11-20,1975.0,1983.800049,1895.0,1899.5,1893.4090579999997,26522972.0
2020-11-23,1951.0,1970.0,1926.25,1950.699951,1944.444824,20918665.0
2020-11-24,1964.0,1974.0,1932.0,1964.050049,1957.752075,14277083.0
2020-11-25,1980.0,1992.949951,1942.199951,1947.800049,1941.554199,15062376.0
2020-11-26,1953.050049,1965.0,1930.050049,1952.5999760000002,1946.338745,11924527.0
2020-11-27,1940.5,1956.0999760000002,1921.4000239999998,1929.800049,1923.611938,21845931.0
2020-12-01,1940.3499760000002,1966.25,1930.050049,1954.9000239999998,1948.63147,9114939.0
2020-12-02,1958.5,1962.0,1935.0,1958.1500239999998,1951.870972,10240168.0
2020-12-03,1972.0,1981.0999760000002,1958.6500239999998,1964.050049,1957.752075,12822945.0
2020-12-04,1969.0,1969.0,1940.0,1946.75,1940.507568,8521388.0
2020-12-07,1940.5999760000002,1965.0,1940.5999760000002,1958.199951,1951.9207760000002,8418767.0
2020-12-08,1961.1500239999998,2014.25,1950.0,1993.75,1987.356812,20030506.0
2020-12-09,2009.949951,2033.800049,1999.25,2026.949951,2020.4503170000003,13464375.0
2020-12-10,2021.5999760000002,2028.5,2001.0,2007.0,2000.5643309999998,7414229.0
2020-12-11,2013.0,2038.0,1974.25,2005.800049,1999.368286,12434745.0
2020-12-14,2007.949951,2015.0,1986.3499760000002,1991.300049,1984.914673,7989830.0
2020-12-15,1989.699951,1989.699951,1961.0999760000002,1974.3499760000002,1968.019043,8561406.0
2020-12-16,1988.0,1994.949951,1965.699951,1976.550049,1970.212036,8565904.0
2020-12-17,1984.5,2005.0,1977.1500239999998,1985.5999760000002,1979.2329100000002,9346460.0
2020-12-18,1980.0999760000002,2004.9000239999998,1965.0,1991.550049,1985.16394,8522215.0
2020-12-21,2010.0,2022.0,1855.25,1939.699951,1933.480103,20368545.0
2020-12-22,1949.0,1958.9000239999998,1888.449951,1936.699951,1930.4897460000002,12986606.0
2020-12-23,1930.0,1951.449951,1920.6500239999998,1943.8499760000002,1937.616821,8999898.0
2020-12-24,1947.0,1998.800049,1945.9000239999998,1994.1500239999998,1987.7556149999998,9588577.0
2020-12-28,2006.699951,2018.0,1995.300049,2003.300049,1996.876221,7947719.0
2020-12-29,2009.0,2012.300049,1982.550049,1990.050049,1983.668701,8589407.0
2020-12-30,1995.25,2007.199951,1975.550049,1995.5,1989.101196,10173132.0
2020-12-31,1993.5,2011.9000239999998,1978.5999760000002,1985.300049,1978.93396,8667516.0
